,True Label,Predicted Label
0,7,9
1,2,2
2,1,1
3,0,3
4,4,7
5,1,4
6,4,2
7,9,9
8,5,2
9,9,3
10,0,2
11,6,6
12,9,7
13,0,5
14,1,7
15,5,3
16,9,9
17,7,7
18,3,3
19,4,7
20,9,3
21,6,3
22,6,4
23,5,2
24,4,2
25,0,3
26,7,7
27,4,3
28,0,3
29,1,3
30,3,3
31,1,2
32,3,3
33,4,4
34,7,7
35,2,2
36,7,7
37,1,7
38,2,2
39,1,7
40,1,1
41,7,7
42,4,7
43,2,2
44,3,3
45,5,3
46,1,1
47,2,2
48,4,3
49,4,5
50,6,3
51,3,3
52,5,2
53,5,2
54,6,5
55,0,5
56,4,4
57,1,7
58,9,9
59,5,5
60,7,3
61,8,3
62,9,7
63,3,3
64,7,3
65,4,5
66,6,6
67,4,2
68,3,3
69,0,5
70,7,7
71,0,3
72,2,3
73,9,7
74,1,7
75,7,7
76,3,3
77,2,2
78,9,7
79,7,3
80,7,7
81,6,3
82,2,3
83,7,7
84,8,8
85,4,7
86,7,7
87,3,3
88,6,5
89,1,7
90,3,3
91,6,4
92,9,8
93,3,3
94,1,3
95,4,3
96,1,1
97,7,7
98,6,5
99,9,9
100,6,5
101,0,2
102,5,5
103,4,7
104,9,3
105,9,2
106,2,3
107,1,6
108,9,3
109,4,5
110,8,5
111,7,7
112,3,3
113,9,7
114,7,7
115,4,2
116,4,7
117,4,3
118,9,9
119,2,5
120,5,3
121,4,2
122,7,7
123,6,3
124,7,7
125,9,3
126,0,2
127,5,2
128,8,3
129,5,2
130,6,3
131,6,3
132,5,3
133,7,3
134,8,3
135,1,7
136,0,5
137,1,1
138,6,3
139,4,8
140,6,8
141,7,7
142,3,3
143,1,1
144,7,3
145,1,7
146,8,3
147,2,3
148,0,5
149,2,2
150,9,9
151,9,3
152,5,8
153,5,2
154,1,7
155,5,2
156,6,5
157,0,3
158,3,3
159,4,3
160,4,7
161,6,5
162,5,3
163,4,4
164,6,3
165,5,5
166,4,7
167,5,2
168,1,7
169,4,7
170,4,7
171,7,3
172,2,3
173,3,2
174,2,3
175,7,7
176,1,9
177,8,3
178,1,7
179,8,3
180,1,7
181,8,3
182,5,2
183,0,8
184,8,3
185,9,7
186,2,2
187,5,3
188,0,5
189,1,7
190,1,7
191,1,7
192,0,3
193,9,2
194,0,3
195,3,3
196,1,1
197,6,3
198,4,7
199,2,3
200,3,3
201,6,5
202,1,7
203,1,1
204,1,7
205,3,2
206,9,7
207,5,2
208,2,2
209,9,3
210,4,4
211,5,5
212,9,3
213,3,3
214,9,3
215,0,3
216,3,3
217,6,8
218,5,2
219,5,8
220,7,3
221,2,2
222,2,3
223,7,7
224,1,1
225,2,2
226,8,3
227,4,7
228,1,1
229,7,7
230,3,3
231,3,3
232,8,3
233,8,3
234,7,7
235,9,7
236,2,7
237,2,2
238,4,3
239,1,1
240,5,3
241,9,3
242,8,3
243,7,2
244,2,2
245,3,3
246,0,5
247,4,2
248,4,7
249,2,2
250,4,7
251,1,1
252,9,9
253,5,2
254,7,7
255,7,7
256,2,3
257,8,3
258,2,3
259,6,3
260,8,3
261,5,5
262,7,7
263,7,7
264,9,7
265,1,7
266,8,3
267,1,7
268,8,3
269,0,5
270,3,3
271,0,3
272,1,7
273,9,7
274,9,3
275,4,4
276,1,7
277,8,3
278,2,3
279,1,7
280,2,2
281,9,9
282,7,7
283,5,5
284,9,7
285,2,3
286,6,2
287,4,7
288,1,7
289,5,2
290,8,3
291,2,5
292,9,3
293,2,3
294,0,3
295,4,4
296,0,3
297,0,2
298,2,3
299,8,3
300,4,2
301,7,7
302,1,3
303,2,2
304,4,7
305,0,2
306,2,5
307,7,7
308,4,7
309,3,2
310,3,3
311,0,3
312,0,3
313,3,3
314,1,7
315,9,9
316,6,5
317,5,2
318,2,3
319,5,5
320,9,7
321,2,9
322,9,7
323,3,3
324,0,5
325,4,2
326,2,3
327,0,0
328,7,7
329,1,7
330,1,7
331,2,2
332,1,7
333,5,2
334,3,3
335,3,3
336,9,3
337,7,7
338,8,3
339,6,5
340,5,3
341,6,2
342,1,7
343,3,3
344,8,2
345,1,7
346,0,3
347,5,3
348,1,1
349,3,7
350,1,7
351,5,3
352,5,3
353,6,3
354,1,1
355,8,7
356,5,3
357,1,1
358,7,7
359,9,7
360,4,3
361,6,3
362,2,2
363,2,3
364,5,5
365,0,5
366,6,2
367,5,5
368,6,5
369,3,2
370,7,7
371,2,2
372,0,5
373,8,3
374,8,3
375,5,3
376,4,3
377,1,1
378,1,7
379,4,4
380,0,0
381,3,2
382,3,3
383,7,7
384,6,3
385,1,7
386,6,5
387,2,2
388,1,1
389,9,7
390,2,2
391,8,3
392,6,5
393,1,1
394,9,8
395,5,3
396,2,3
397,5,2
398,4,7
399,4,7
400,2,3
401,8,3
402,3,3
403,8,3
404,2,3
405,4,7
406,5,3
407,0,3
408,3,3
409,1,7
410,7,7
411,7,7
412,5,3
413,7,7
414,9,3
415,7,7
416,1,7
417,9,7
418,2,3
419,1,7
420,4,4
421,2,3
422,9,3
423,2,3
424,0,5
425,4,4
426,9,9
427,1,7
428,4,8
429,8,3
430,1,4
431,8,8
432,4,3
433,5,5
434,9,3
435,8,3
436,8,9
437,3,3
438,7,7
439,6,2
440,0,3
441,0,3
442,3,3
443,0,2
444,2,8
445,6,3
446,6,3
447,4,3
448,9,3
449,3,3
450,3,3
451,3,3
452,2,2
453,3,3
454,9,3
455,1,7
456,2,2
457,6,5
458,8,7
459,0,2
460,5,3
461,6,3
462,6,3
463,6,8
464,3,3
465,8,3
466,8,3
467,2,3
468,7,3
469,5,2
470,8,3
471,9,7
472,6,2
473,1,7
474,8,3
475,4,7
476,1,7
477,2,2
478,5,2
479,9,3
480,1,1
481,9,7
482,7,3
483,5,5
484,4,7
485,0,3
486,8,3
487,9,9
488,9,7
489,1,7
490,0,2
491,5,3
492,2,3
493,3,3
494,7,7
495,8,3
496,9,9
497,4,7
498,0,5
499,6,8
500,3,3
501,9,3
502,5,3
503,2,2
504,1,1
505,3,3
506,1,1
507,3,3
508,6,5
509,5,5
510,7,3
511,4,7
512,2,2
513,2,3
514,6,3
515,3,3
516,2,2
517,6,7
518,5,3
519,4,7
520,8,3
521,9,3
522,7,3
523,1,1
524,3,3
525,0,5
526,3,3
527,8,3
528,3,3
529,1,7
530,9,3
531,3,3
532,4,7
533,4,4
534,6,3
535,4,2
536,2,2
537,1,7
538,8,8
539,2,3
540,5,3
541,4,7
542,8,1
543,8,3
544,4,4
545,0,0
546,0,0
547,2,2
548,3,3
549,2,3
550,7,7
551,7,3
552,0,3
553,8,5
554,7,7
555,4,4
556,4,7
557,7,7
558,9,7
559,6,3
560,9,7
561,0,2
562,9,7
563,8,8
564,0,3
565,4,7
566,6,8
567,0,2
568,6,5
569,3,3
570,5,3
571,4,7
572,8,3
573,3,3
574,3,3
575,9,7
576,3,3
577,3,2
578,3,3
579,7,7
580,8,3
581,0,5
582,8,3
583,2,2
584,1,4
585,7,7
586,0,5
587,6,3
588,5,3
589,4,3
590,3,3
591,8,3
592,0,3
593,9,7
594,6,3
595,3,3
596,8,8
597,0,2
598,9,7
599,9,9
600,6,5
601,8,3
602,6,2
603,8,3
604,5,3
605,7,3
606,8,3
607,6,5
608,0,2
609,2,2
610,4,7
611,0,5
612,2,3
613,2,9
614,3,3
615,1,7
616,9,2
617,7,3
618,5,2
619,1,8
620,0,2
621,8,3
622,4,4
623,6,3
624,2,7
625,6,6
626,7,7
627,9,9
628,3,3
629,2,2
630,9,9
631,8,3
632,2,3
633,2,2
634,9,2
635,2,2
636,7,7
637,3,3
638,5,5
639,9,7
640,1,7
641,8,3
642,0,2
643,2,2
644,0,5
645,5,3
646,2,2
647,1,7
648,3,3
649,7,9
650,6,5
651,7,4
652,1,7
653,2,2
654,5,3
655,8,8
656,0,3
657,3,3
658,7,7
659,2,3
660,4,1
661,0,8
662,9,3
663,1,7
664,8,3
665,6,3
666,7,7
667,7,7
668,4,5
669,3,3
670,4,3
671,9,2
672,1,7
673,9,3
674,5,3
675,1,1
676,7,3
677,3,3
678,9,9
679,7,7
680,6,3
681,9,3
682,1,1
683,3,3
684,7,3
685,8,3
686,3,3
687,3,3
688,6,3
689,7,7
690,2,2
691,8,3
692,5,5
693,8,3
694,5,3
695,1,4
696,1,7
697,4,4
698,4,2
699,3,3
700,1,1
701,0,3
702,7,7
703,7,7
704,0,5
705,7,7
706,9,9
707,4,3
708,4,4
709,8,3
710,5,3
711,5,3
712,4,4
713,0,2
714,8,3
715,2,3
716,1,7
717,0,3
718,8,3
719,4,3
720,5,3
721,0,5
722,4,5
723,0,2
724,6,6
725,1,1
726,7,2
727,3,3
728,2,2
729,6,3
730,7,7
731,2,2
732,6,3
733,9,3
734,3,3
735,1,7
736,4,7
737,6,3
738,2,3
739,5,2
740,4,7
741,2,2
742,0,3
743,6,5
744,2,3
745,1,7
746,7,7
747,3,3
748,4,3
749,1,7
750,0,0
751,5,3
752,4,8
753,3,3
754,1,1
755,1,7
756,7,7
757,4,4
758,9,9
759,9,9
760,4,7
761,8,3
762,4,2
763,0,2
764,2,2
765,4,7
766,5,3
767,1,7
768,1,7
769,6,3
770,4,4
771,7,7
772,1,7
773,9,7
774,4,7
775,2,3
776,4,7
777,1,7
778,5,2
779,5,3
780,3,3
781,8,3
782,3,3
783,1,1
784,4,7
785,5,3
786,6,5
787,8,3
788,9,9
789,4,4
790,1,7
791,5,2
792,3,3
793,8,3
794,0,5
795,3,3
796,2,2
797,5,7
798,1,4
799,2,2
800,8,3
801,3,3
802,4,2
803,4,7
804,0,2
805,8,8
806,8,3
807,3,3
808,3,3
809,1,7
810,7,3
811,3,3
812,5,3
813,9,3
814,6,3
815,3,3
816,2,3
817,6,6
818,1,7
819,3,2
820,6,5
821,0,0
822,7,3
823,2,3
824,1,1
825,7,7
826,1,7
827,4,8
828,2,3
829,4,5
830,2,7
831,1,7
832,7,7
833,9,7
834,6,3
835,1,1
836,1,7
837,2,2
838,4,8
839,8,3
840,1,7
841,7,2
842,7,7
843,4,7
844,8,2
845,0,3
846,7,5
847,3,3
848,1,7
849,3,3
850,1,7
851,0,3
852,7,7
853,7,7
854,0,5
855,3,3
856,5,2
857,5,3
858,2,2
859,7,7
860,6,5
861,6,6
862,9,7
863,2,2
864,8,3
865,3,3
866,5,3
867,2,2
868,2,2
869,5,3
870,6,5
871,0,3
872,8,3
873,2,2
874,9,7
875,2,3
876,8,3
877,8,2
878,8,3
879,8,3
880,7,9
881,4,7
882,9,4
883,3,2
884,0,3
885,6,2
886,6,5
887,3,3
888,2,2
889,1,1
890,3,3
891,2,2
892,2,3
893,9,9
894,3,3
895,0,3
896,0,3
897,5,2
898,7,7
899,8,3
900,1,3
901,4,7
902,4,7
903,6,3
904,0,3
905,2,3
906,9,7
907,1,1
908,4,4
909,7,2
910,4,3
911,7,3
912,3,3
913,9,2
914,8,3
915,8,3
916,4,2
917,7,7
918,1,7
919,2,2
920,1,1
921,2,3
922,2,2
923,3,3
924,2,3
925,3,3
926,2,3
927,3,3
928,9,9
929,1,1
930,7,7
931,4,7
932,0,2
933,3,3
934,5,3
935,5,3
936,8,3
937,6,3
938,3,3
939,2,3
940,6,3
941,7,7
942,6,5
943,6,8
944,3,3
945,2,2
946,7,7
947,8,3
948,1,1
949,1,7
950,7,3
951,5,3
952,6,2
953,4,7
954,9,7
955,5,3
956,1,3
957,3,2
958,3,3
959,4,7
960,7,7
961,8,3
962,9,7
963,1,1
964,1,1
965,6,5
966,9,3
967,1,1
968,4,7
969,4,9
970,5,2
971,4,3
972,0,5
973,6,3
974,2,3
975,2,3
976,3,3
977,1,7
978,5,3
979,1,7
980,2,2
981,0,5
982,3,3
983,8,3
984,1,1
985,2,3
986,6,3
987,7,7
988,1,7
989,6,3
990,2,5
991,3,3
992,9,7
993,0,3
994,1,3
995,2,3
996,2,2
997,0,3
998,8,3
999,9,9
1000,9,9
1001,0,3
1002,2,2
1003,5,3
1004,1,7
1005,9,7
1006,7,7
1007,8,3
1008,1,4
1009,0,5
1010,4,7
1011,1,7
1012,7,7
1013,9,7
1014,6,2
1015,4,7
1016,2,2
1017,6,3
1018,8,3
1019,1,1
1020,3,3
1021,7,7
1022,5,3
1023,4,2
1024,4,2
1025,1,7
1026,8,3
1027,1,7
1028,3,3
1029,8,3
1030,1,7
1031,2,3
1032,5,5
1033,8,2
1034,0,5
1035,6,2
1036,2,3
1037,1,3
1038,1,7
1039,7,7
1040,1,7
1041,5,5
1042,3,3
1043,4,3
1044,6,3
1045,9,7
1046,5,2
1047,0,3
1048,9,5
1049,2,3
1050,2,2
1051,4,2
1052,8,3
1053,2,3
1054,1,7
1055,7,7
1056,2,2
1057,4,4
1058,9,7
1059,4,7
1060,4,3
1061,0,5
1062,3,3
1063,9,7
1064,2,2
1065,2,3
1066,3,3
1067,3,2
1068,8,9
1069,3,3
1070,5,3
1071,7,7
1072,3,3
1073,5,3
1074,8,3
1075,1,7
1076,2,2
1077,4,7
1078,4,7
1079,6,2
1080,4,1
1081,9,3
1082,5,3
1083,1,4
1084,0,5
1085,6,2
1086,9,3
1087,5,8
1088,9,7
1089,5,3
1090,9,9
1091,7,7
1092,3,3
1093,8,3
1094,0,3
1095,3,3
1096,7,7
1097,1,1
1098,3,3
1099,6,8
1100,7,7
1101,8,2
1102,5,3
1103,9,3
1104,7,7
1105,9,3
1106,6,3
1107,9,3
1108,6,2
1109,3,3
1110,7,7
1111,4,7
1112,4,3
1113,5,3
1114,3,3
1115,5,9
1116,4,2
1117,7,7
1118,8,3
1119,7,7
1120,8,7
1121,0,8
1122,7,2
1123,6,5
1124,8,7
1125,8,9
1126,7,2
1127,3,3
1128,3,3
1129,1,7
1130,9,3
1131,5,3
1132,2,2
1133,7,7
1134,3,3
1135,5,3
1136,1,4
1137,1,4
1138,2,7
1139,1,7
1140,4,7
1141,7,7
1142,4,4
1143,7,7
1144,5,3
1145,4,7
1146,5,2
1147,4,2
1148,0,3
1149,8,7
1150,3,3
1151,6,3
1152,9,7
1153,6,3
1154,0,3
1155,2,2
1156,7,7
1157,4,7
1158,4,2
1159,4,3
1160,4,7
1161,6,3
1162,6,3
1163,4,7
1164,7,3
1165,9,9
1166,3,3
1167,4,7
1168,5,5
1169,5,3
1170,8,8
1171,7,7
1172,3,3
1173,7,7
1174,2,3
1175,7,7
1176,0,3
1177,2,2
1178,4,3
1179,1,7
1180,1,7
1181,6,8
1182,6,3
1183,9,3
1184,2,3
1185,8,3
1186,7,7
1187,2,2
1188,0,2
1189,1,1
1190,5,3
1191,0,3
1192,9,7
1193,1,7
1194,7,3
1195,0,6
1196,6,3
1197,0,3
1198,8,3
1199,6,3
1200,8,3
1201,1,7
1202,8,3
1203,0,3
1204,3,7
1205,3,3
1206,7,3
1207,2,3
1208,3,3
1209,6,3
1210,2,2
1211,1,7
1212,6,8
1213,1,7
1214,1,7
1215,3,3
1216,7,7
1217,9,3
1218,0,2
1219,8,3
1220,0,0
1221,5,3
1222,4,4
1223,0,2
1224,2,2
1225,8,3
1226,7,7
1227,2,2
1228,9,3
1229,8,3
1230,4,4
1231,0,3
1232,9,9
1233,5,3
1234,8,3
1235,5,2
1236,1,1
1237,2,5
1238,1,4
1239,3,3
1240,1,7
1241,7,5
1242,4,7
1243,5,5
1244,7,7
1245,2,3
1246,0,5
1247,9,3
1248,8,3
1249,8,3
1250,6,5
1251,2,2
1252,5,2
1253,4,4
1254,1,7
1255,9,9
1256,2,2
1257,1,1
1258,5,3
1259,8,3
1260,7,8
1261,0,3
1262,2,5
1263,4,7
1264,4,3
1265,3,2
1266,6,5
1267,8,3
1268,8,3
1269,2,2
1270,4,7
1271,0,5
1272,5,3
1273,0,3
1274,4,5
1275,4,7
1276,7,7
1277,9,9
1278,3,3
1279,4,5
1280,1,7
1281,5,3
1282,9,3
1283,7,8
1284,3,3
1285,5,5
1286,8,3
1287,8,3
1288,0,8
1289,5,2
1290,3,3
1291,3,3
1292,6,3
1293,6,6
1294,0,5
1295,1,1
1296,6,5
1297,0,5
1298,3,2
1299,5,3
1300,4,7
1301,4,3
1302,1,7
1303,2,3
1304,9,9
1305,1,1
1306,4,4
1307,6,2
1308,9,2
1309,9,9
1310,3,3
1311,9,5
1312,8,3
1313,4,7
1314,4,4
1315,3,3
1316,1,1
1317,3,2
1318,1,7
1319,8,3
1320,8,3
1321,7,7
1322,9,9
1323,4,3
1324,8,7
1325,8,3
1326,7,7
1327,9,5
1328,7,7
1329,1,1
1330,4,7
1331,5,3
1332,6,3
1333,0,5
1334,5,3
1335,2,3
1336,2,2
1337,2,3
1338,1,7
1339,5,3
1340,5,3
1341,2,3
1342,4,4
1343,9,7
1344,6,2
1345,2,5
1346,7,7
1347,7,7
1348,2,3
1349,2,8
1350,1,7
1351,1,7
1352,2,3
1353,8,3
1354,3,3
1355,7,7
1356,2,3
1357,4,1
1358,1,7
1359,7,7
1360,1,7
1361,7,3
1362,6,5
1363,7,7
1364,8,2
1365,2,3
1366,7,3
1367,3,3
1368,1,7
1369,7,7
1370,5,3
1371,8,3
1372,2,2
1373,6,6
1374,2,2
1375,2,3
1376,5,3
1377,6,3
1378,5,5
1379,0,5
1380,9,3
1381,2,3
1382,4,4
1383,3,3
1384,3,7
1385,9,3
1386,7,3
1387,6,5
1388,6,5
1389,8,3
1390,0,3
1391,4,7
1392,1,7
1393,5,2
1394,8,3
1395,2,3
1396,9,3
1397,1,7
1398,8,3
1399,0,5
1400,6,3
1401,7,9
1402,2,2
1403,1,4
1404,0,3
1405,5,8
1406,5,2
1407,2,2
1408,0,8
1409,2,2
1410,2,3
1411,0,3
1412,2,8
1413,4,4
1414,9,7
1415,8,2
1416,0,3
1417,9,3
1418,9,3
1419,4,7
1420,6,4
1421,5,5
1422,4,3
1423,9,3
1424,1,7
1425,8,5
1426,3,3
1427,4,3
1428,9,7
1429,9,8
1430,1,7
1431,2,3
1432,2,3
1433,8,3
1434,1,7
1435,9,3
1436,6,3
1437,4,7
1438,0,2
1439,9,7
1440,4,2
1441,8,3
1442,3,3
1443,8,3
1444,6,3
1445,0,5
1446,2,3
1447,5,5
1448,1,7
1449,9,9
1450,6,2
1451,2,3
1452,9,7
1453,4,7
1454,0,8
1455,9,3
1456,6,3
1457,0,3
1458,6,3
1459,2,2
1460,5,2
1461,4,2
1462,2,3
1463,3,3
1464,8,3
1465,4,7
1466,5,5
1467,5,3
1468,0,2
1469,3,2
1470,8,8
1471,5,3
1472,3,2
1473,5,2
1474,8,2
1475,6,3
1476,5,3
1477,7,7
1478,6,8
1479,3,3
1480,3,3
1481,9,9
1482,6,2
1483,1,7
1484,1,1
1485,2,3
1486,9,2
1487,0,0
1488,4,2
1489,3,3
1490,3,3
1491,6,6
1492,9,3
1493,5,5
1494,7,7
1495,3,3
1496,7,7
1497,7,3
1498,7,3
1499,8,3
1500,7,1
1501,9,3
1502,8,3
1503,3,5
1504,0,5
1505,7,7
1506,2,2
1507,7,7
1508,9,7
1509,4,3
1510,5,3
1511,4,2
1512,9,3
1513,3,2
1514,2,3
1515,1,7
1516,4,7
1517,0,5
1518,2,3
1519,3,3
1520,7,3
1521,5,3
1522,7,7
1523,8,3
1524,8,3
1525,5,5
1526,0,5
1527,1,8
1528,1,7
1529,4,4
1530,8,7
1531,3,2
1532,9,7
1533,0,5
1534,0,3
1535,0,3
1536,6,5
1537,6,5
1538,2,2
1539,3,3
1540,7,9
1541,8,3
1542,4,7
1543,7,3
1544,7,7
1545,9,3
1546,2,3
1547,4,3
1548,1,1
1549,4,3
1550,5,5
1551,2,7
1552,4,7
1553,9,3
1554,9,3
1555,1,1
1556,8,3
1557,4,3
1558,0,3
1559,9,3
1560,8,5
1561,4,7
1562,8,3
1563,7,7
1564,7,7
1565,0,3
1566,7,9
1567,8,7
1568,8,3
1569,6,2
1570,0,3
1571,4,3
1572,8,3
1573,8,3
1574,2,2
1575,4,3
1576,7,7
1577,6,5
1578,6,3
1579,6,5
1580,4,9
1581,7,3
1582,1,1
1583,8,3
1584,8,3
1585,2,2
1586,3,3
1587,6,5
1588,3,3
1589,0,0
1590,0,3
1591,3,3
1592,7,7
1593,6,2
1594,9,3
1595,7,7
1596,9,7
1597,9,3
1598,5,3
1599,4,3
1600,3,3
1601,3,3
1602,6,3
1603,1,3
1604,2,2
1605,3,3
1606,7,7
1607,3,3
1608,3,3
1609,2,2
1610,0,3
1611,3,2
1612,3,3
1613,8,3
1614,4,7
1615,3,3
1616,6,3
1617,3,5
1618,5,3
1619,0,5
1620,2,2
1621,0,5
1622,9,7
1623,0,5
1624,7,7
1625,4,5
1626,6,5
1627,9,2
1628,3,3
1629,5,3
1630,1,1
1631,9,7
1632,6,6
1633,1,1
1634,4,7
1635,5,2
1636,4,2
1637,5,3
1638,0,3
1639,5,5
1640,9,2
1641,5,3
1642,2,2
1643,1,1
1644,2,2
1645,9,3
1646,1,7
1647,9,7
1648,9,7
1649,4,7
1650,0,5
1651,8,3
1652,4,3
1653,5,3
1654,2,2
1655,9,9
1656,2,2
1657,1,7
1658,2,2
1659,1,7
1660,7,7
1661,3,3
1662,6,2
1663,8,3
1664,8,3
1665,4,4
1666,9,9
1667,1,7
1668,9,7
1669,8,8
1670,5,3
1671,7,3
1672,5,3
1673,1,7
1674,1,7
1675,8,8
1676,6,8
1677,5,5
1678,2,3
1679,4,3
1680,4,2
1681,3,3
1682,2,3
1683,3,3
1684,5,5
1685,6,3
1686,8,3
1687,8,3
1688,6,3
1689,2,3
1690,3,2
1691,1,3
1692,0,5
1693,5,2
1694,8,3
1695,9,9
1696,2,3
1697,9,8
1698,6,5
1699,7,7
1700,0,5
1701,4,7
1702,8,3
1703,7,5
1704,1,5
1705,7,7
1706,4,7
1707,1,7
1708,0,5
1709,9,8
1710,7,7
1711,2,2
1712,0,5
1713,0,3
1714,9,9
1715,1,3
1716,7,1
1717,8,2
1718,7,3
1719,8,3
1720,4,3
1721,7,3
1722,2,2
1723,0,2
1724,4,4
1725,6,5
1726,0,5
1727,3,3
1728,1,7
1729,1,7
1730,3,3
1731,3,3
1732,9,3
1733,6,3
1734,7,2
1735,4,7
1736,1,7
1737,5,2
1738,3,3
1739,0,5
1740,8,3
1741,7,7
1742,3,3
1743,9,7
1744,6,5
1745,9,7
1746,3,3
1747,5,5
1748,0,3
1749,2,2
1750,7,7
1751,4,2
1752,5,2
1753,1,7
1754,7,7
1755,5,2
1756,8,7
1757,0,5
1758,8,7
1759,8,2
1760,1,7
1761,5,2
1762,0,2
1763,3,3
1764,0,3
1765,3,2
1766,1,1
1767,4,7
1768,0,5
1769,3,3
1770,7,7
1771,2,3
1772,7,7
1773,1,1
1774,8,3
1775,0,5
1776,7,7
1777,0,2
1778,4,4
1779,3,3
1780,1,7
1781,9,9
1782,8,8
1783,7,7
1784,7,7
1785,1,3
1786,4,7
1787,9,9
1788,9,7
1789,3,3
1790,2,3
1791,1,7
1792,7,7
1793,9,3
1794,0,0
1795,2,2
1796,0,2
1797,3,3
1798,3,3
1799,7,7
1800,6,3
1801,9,3
1802,2,3
1803,3,3
1804,3,3
1805,7,4
1806,7,7
1807,0,5
1808,0,3
1809,7,7
1810,5,5
1811,2,2
1812,9,7
1813,8,3
1814,7,9
1815,4,7
1816,4,9
1817,2,2
1818,6,5
1819,6,5
1820,1,1
1821,9,2
1822,6,3
1823,8,5
1824,2,3
1825,9,3
1826,0,5
1827,8,3
1828,3,3
1829,1,7
1830,1,1
1831,6,3
1832,3,3
1833,5,2
1834,1,7
1835,1,7
1836,1,7
1837,3,3
1838,1,1
1839,2,2
1840,3,3
1841,0,3
1842,2,3
1843,0,3
1844,1,1
1845,3,3
1846,5,2
1847,5,3
1848,7,7
1849,4,4
1850,8,3
1851,9,7
1852,6,3
1853,9,9
1854,6,5
1855,8,9
1856,3,3
1857,6,3
1858,6,3
1859,8,3
1860,5,2
1861,1,7
1862,4,1
1863,2,3
1864,4,7
1865,4,7
1866,5,2
1867,1,7
1868,1,8
1869,9,7
1870,0,3
1871,2,7
1872,4,4
1873,9,3
1874,5,2
1875,7,7
1876,1,7
1877,8,7
1878,8,3
1879,5,5
1880,6,7
1881,9,7
1882,8,2
1883,7,7
1884,1,7
1885,1,1
1886,6,3
1887,7,7
1888,6,8
1889,3,2
1890,2,3
1891,2,3
1892,0,5
1893,8,3
1894,9,7
1895,2,2
1896,5,3
1897,1,7
1898,0,0
1899,8,3
1900,1,3
1901,9,8
1902,5,3
1903,7,2
1904,9,7
1905,6,3
1906,9,7
1907,0,5
1908,6,3
1909,1,7
1910,5,2
1911,5,2
1912,8,7
1913,3,3
1914,8,3
1915,2,3
1916,6,3
1917,5,3
1918,0,5
1919,7,7
1920,4,5
1921,6,3
1922,1,4
1923,3,3
1924,4,2
1925,7,7
1926,3,3
1927,2,3
1928,3,2
1929,4,7
1930,2,2
1931,5,2
1932,2,2
1933,7,7
1934,1,7
1935,7,7
1936,2,3
1937,6,3
1938,4,4
1939,1,1
1940,5,7
1941,7,3
1942,8,2
1943,6,8
1944,0,3
1945,1,7
1946,8,3
1947,2,3
1948,5,2
1949,7,7
1950,7,7
1951,6,3
1952,9,7
1953,3,3
1954,5,2
1955,8,3
1956,4,3
1957,2,2
1958,4,7
1959,0,3
1960,8,3
1961,8,8
1962,3,3
1963,4,7
1964,9,7
1965,2,2
1966,7,7
1967,5,3
1968,8,7
1969,6,6
1970,5,3
1971,6,2
1972,0,2
1973,8,3
1974,6,3
1975,7,7
1976,3,3
1977,6,5
1978,4,7
1979,9,7
1980,4,9
1981,6,7
1982,6,8
1983,3,3
1984,2,3
1985,4,2
1986,1,7
1987,0,2
1988,1,7
1989,4,3
1990,6,4
1991,2,3
1992,9,3
1993,1,1
1994,1,7
1995,0,5
1996,6,3
1997,3,3
1998,9,3
1999,5,3
2000,6,2
2001,5,2
2002,6,6
2003,5,2
2004,8,2
2005,4,4
2006,6,3
2007,4,7
2008,3,3
2009,9,2
2010,1,1
2011,3,3
2012,4,4
2013,1,4
2014,9,7
2015,1,7
2016,7,3
2017,1,7
2018,1,3
2019,9,9
2020,3,3
2021,5,2
2022,4,7
2023,0,5
2024,7,7
2025,3,3
2026,6,3
2027,1,7
2028,7,9
2029,5,3
2030,5,2
2031,3,3
2032,3,3
2033,0,2
2034,1,7
2035,5,3
2036,7,7
2037,5,3
2038,8,7
2039,6,5
2040,5,3
2041,1,7
2042,0,5
2043,4,2
2044,2,3
2045,3,3
2046,4,7
2047,6,6
2048,7,3
2049,9,7
2050,8,3
2051,1,7
2052,8,5
2053,4,3
2054,9,3
2055,2,2
2056,8,3
2057,6,2
2058,2,3
2059,7,7
2060,0,3
2061,0,3
2062,6,6
2063,7,7
2064,5,2
2065,8,3
2066,6,3
2067,0,3
2068,9,3
2069,3,3
2070,7,9
2071,1,1
2072,3,3
2073,5,3
2074,4,7
2075,3,3
2076,3,3
2077,5,3
2078,5,5
2079,6,3
2080,3,3
2081,0,5
2082,2,2
2083,3,3
2084,4,2
2085,2,3
2086,3,3
2087,0,3
2088,9,3
2089,9,9
2090,4,7
2091,7,3
2092,2,3
2093,8,3
2094,4,7
2095,7,7
2096,0,3
2097,6,2
2098,2,2
2099,8,3
2100,5,3
2101,2,3
2102,8,3
2103,5,5
2104,7,3
2105,3,3
2106,0,5
2107,8,3
2108,2,3
2109,3,2
2110,2,3
2111,8,3
2112,2,3
2113,5,3
2114,5,3
2115,7,3
2116,6,5
2117,4,4
2118,6,3
2119,8,3
2120,4,7
2121,8,3
2122,2,2
2123,7,7
2124,4,7
2125,5,7
2126,2,2
2127,0,5
2128,3,3
2129,9,3
2130,4,7
2131,6,6
2132,7,7
2133,2,2
2134,5,5
2135,6,1
2136,1,7
2137,1,1
2138,2,3
2139,3,3
2140,6,2
2141,7,7
2142,8,5
2143,7,2
2144,6,5
2145,4,4
2146,8,3
2147,9,9
2148,4,7
2149,8,3
2150,6,3
2151,3,3
2152,8,3
2153,3,3
2154,1,7
2155,0,6
2156,6,3
2157,2,3
2158,2,3
2159,5,3
2160,6,3
2161,9,3
2162,5,3
2163,8,3
2164,1,7
2165,4,7
2166,1,3
2167,7,7
2168,8,3
2169,4,2
2170,6,3
2171,1,7
2172,8,3
2173,4,7
2174,3,2
2175,1,7
2176,2,3
2177,8,3
2178,0,0
2179,8,3
2180,5,3
2181,9,3
2182,1,3
2183,4,7
2184,2,3
2185,0,7
2186,2,5
2187,7,7
2188,0,3
2189,9,7
2190,0,3
2191,2,2
2192,5,3
2193,7,7
2194,6,5
2195,7,2
2196,9,9
2197,4,7
2198,2,3
2199,6,5
2200,2,2
2201,4,2
2202,4,7
2203,8,3
2204,0,3
2205,4,4
2206,4,7
2207,5,5
2208,8,3
2209,0,3
2210,6,3
2211,8,3
2212,9,7
2213,8,3
2214,5,3
2215,6,3
2216,9,3
2217,0,2
2218,4,7
2219,8,3
2220,7,7
2221,1,7
2222,3,3
2223,4,7
2224,5,3
2225,8,8
2226,0,5
2227,9,9
2228,1,1
2229,3,3
2230,3,3
2231,6,3
2232,9,7
2233,8,3
2234,7,7
2235,1,1
2236,0,5
2237,5,3
2238,7,3
2239,1,7
2240,7,7
2241,5,3
2242,2,3
2243,7,7
2244,9,3
2245,1,1
2246,8,3
2247,5,3
2248,2,3
2249,4,3
2250,9,3
2251,4,3
2252,7,7
2253,2,3
2254,2,2
2255,3,3
2256,4,7
2257,9,7
2258,1,1
2259,9,9
2260,2,3
2261,1,9
2262,7,7
2263,9,9
2264,4,4
2265,4,3
2266,1,3
2267,6,6
2268,7,3
2269,2,2
2270,7,7
2271,8,3
2272,8,3
2273,1,1
2274,9,7
2275,7,7
2276,1,1
2277,1,1
2278,7,3
2279,5,3
2280,3,5
2281,3,3
2282,5,3
2283,1,7
2284,3,3
2285,7,7
2286,6,3
2287,1,7
2288,3,3
2289,8,3
2290,7,7
2291,5,3
2292,9,3
2293,9,2
2294,0,5
2295,0,2
2296,2,3
2297,8,3
2298,8,2
2299,2,2
2300,3,3
2301,7,7
2302,1,1
2303,3,3
2304,0,2
2305,3,3
2306,4,8
2307,4,7
2308,3,3
2309,8,3
2310,9,7
2311,2,3
2312,3,2
2313,9,3
2314,7,3
2315,1,1
2316,1,7
2317,7,2
2318,0,5
2319,4,2
2320,9,3
2321,6,3
2322,5,3
2323,9,9
2324,1,7
2325,7,7
2326,0,3
2327,2,3
2328,0,5
2329,0,5
2330,4,4
2331,6,3
2332,7,7
2333,0,5
2334,7,7
2335,1,7
2336,4,9
2337,6,3
2338,4,2
2339,5,5
2340,4,3
2341,9,3
2342,9,5
2343,1,9
2344,7,7
2345,9,7
2346,5,3
2347,3,3
2348,3,2
2349,8,3
2350,2,2
2351,3,2
2352,6,3
2353,2,3
2354,2,2
2355,1,7
2356,1,7
2357,1,1
2358,1,2
2359,1,1
2360,6,3
2361,9,3
2362,8,8
2363,4,7
2364,3,3
2365,7,3
2366,1,7
2367,6,5
2368,4,7
2369,5,2
2370,0,2
2371,4,3
2372,7,7
2373,4,4
2374,2,2
2375,4,7
2376,0,2
2377,7,7
2378,0,3
2379,1,3
2380,9,2
2381,8,3
2382,8,3
2383,6,5
2384,0,2
2385,0,3
2386,4,7
2387,9,7
2388,6,2
2389,8,3
2390,2,3
2391,2,2
2392,3,3
2393,8,3
2394,4,3
2395,8,3
2396,2,3
2397,2,2
2398,1,7
2399,7,7
2400,5,2
2401,4,4
2402,4,7
2403,0,3
2404,4,7
2405,3,2
2406,9,7
2407,7,7
2408,3,3
2409,1,1
2410,0,3
2411,1,1
2412,2,2
2413,5,3
2414,9,7
2415,2,3
2416,1,1
2417,0,3
2418,1,1
2419,8,3
2420,9,3
2421,1,7
2422,6,7
2423,8,3
2424,3,3
2425,8,3
2426,9,2
2427,3,2
2428,6,3
2429,2,2
2430,8,5
2431,3,3
2432,2,2
2433,2,7
2434,1,5
2435,0,2
2436,4,3
2437,2,1
2438,9,9
2439,2,2
2440,4,4
2441,3,3
2442,7,3
2443,9,3
2444,1,7
2445,5,3
2446,2,3
2447,4,3
2448,9,7
2449,0,5
2450,3,3
2451,8,3
2452,5,3
2453,3,3
2454,6,3
2455,0,3
2456,9,7
2457,4,3
2458,6,3
2459,2,2
2460,5,3
2461,0,2
2462,2,3
2463,7,7
2464,4,3
2465,6,3
2466,6,2
2467,8,3
2468,6,3
2469,6,3
2470,8,3
2471,6,3
2472,9,9
2473,1,8
2474,7,3
2475,2,3
2476,5,2
2477,9,3
2478,9,3
2479,0,8
2480,7,7
2481,2,3
2482,7,7
2483,6,5
2484,7,7
2485,0,0
2486,6,3
2487,5,8
2488,2,8
2489,4,4
2490,7,7
2491,2,2
2492,0,3
2493,9,9
2494,9,7
2495,2,3
2496,2,2
2497,9,3
2498,4,2
2499,4,4
2500,2,2
2501,3,3
2502,3,3
2503,2,2
2504,1,7
2505,7,7
2506,0,3
2507,7,3
2508,6,2
2509,4,2
2510,1,1
2511,3,3
2512,8,3
2513,7,7
2514,4,4
2515,5,3
2516,9,2
2517,2,3
2518,5,3
2519,1,1
2520,8,3
2521,7,3
2522,3,3
2523,7,7
2524,1,1
2525,5,2
2526,5,3
2527,0,3
2528,9,3
2529,1,7
2530,4,4
2531,0,5
2532,6,2
2533,3,3
2534,3,2
2535,6,8
2536,0,3
2537,4,7
2538,9,9
2539,7,9
2540,5,3
2541,1,1
2542,6,2
2543,8,3
2544,9,9
2545,5,3
2546,5,2
2547,7,3
2548,9,7
2549,3,3
2550,8,3
2551,3,3
2552,8,3
2553,1,1
2554,5,3
2555,3,3
2556,5,3
2557,0,3
2558,5,2
2559,5,3
2560,3,3
2561,8,8
2562,6,5
2563,7,7
2564,7,7
2565,7,7
2566,3,3
2567,7,7
2568,0,3
2569,5,2
2570,9,3
2571,0,3
2572,2,2
2573,5,3
2574,5,2
2575,3,3
2576,1,7
2577,7,7
2578,7,5
2579,8,3
2580,6,5
2581,5,5
2582,9,3
2583,3,3
2584,8,3
2585,9,3
2586,5,3
2587,3,3
2588,7,3
2589,9,3
2590,1,7
2591,7,7
2592,0,8
2593,0,3
2594,3,3
2595,7,7
2596,2,2
2597,5,3
2598,8,3
2599,1,7
2600,8,3
2601,6,2
2602,2,2
2603,9,9
2604,5,2
2605,7,7
2606,5,3
2607,7,7
2608,8,7
2609,6,3
2610,2,2
2611,5,2
2612,1,7
2613,4,7
2614,8,3
2615,4,9
2616,5,2
2617,8,7
2618,3,3
2619,0,3
2620,6,3
2621,2,2
2622,7,7
2623,3,2
2624,3,3
2625,2,2
2626,1,4
2627,0,5
2628,7,3
2629,3,3
2630,4,2
2631,0,3
2632,3,3
2633,9,3
2634,3,3
2635,2,3
2636,8,3
2637,9,7
2638,0,2
2639,3,3
2640,8,2
2641,0,3
2642,7,7
2643,6,2
2644,5,3
2645,4,7
2646,7,7
2647,3,3
2648,9,3
2649,0,7
2650,8,9
2651,6,5
2652,2,3
2653,5,3
2654,6,3
2655,1,4
2656,0,2
2657,0,3
2658,4,7
2659,4,7
2660,0,5
2661,1,4
2662,2,3
2663,3,3
2664,2,2
2665,7,7
2666,7,7
2667,8,3
2668,5,3
2669,2,2
2670,5,3
2671,7,3
2672,6,5
2673,9,7
2674,1,7
2675,4,4
2676,1,1
2677,6,3
2678,4,7
2679,2,3
2680,4,9
2681,3,7
2682,5,3
2683,4,7
2684,3,2
2685,9,7
2686,5,3
2687,0,5
2688,1,7
2689,5,2
2690,3,3
2691,8,3
2692,9,9
2693,1,7
2694,9,7
2695,7,2
2696,9,7
2697,5,2
2698,5,2
2699,2,1
2700,7,7
2701,4,3
2702,6,3
2703,0,3
2704,1,7
2705,1,3
2706,1,7
2707,0,3
2708,4,5
2709,4,8
2710,7,7
2711,6,5
2712,3,3
2713,0,3
2714,0,5
2715,4,7
2716,3,3
2717,0,5
2718,6,3
2719,1,1
2720,9,7
2721,6,2
2722,1,7
2723,3,2
2724,8,8
2725,1,7
2726,2,2
2727,5,3
2728,6,3
2729,2,3
2730,7,7
2731,3,3
2732,6,8
2733,0,3
2734,1,1
2735,9,7
2736,7,2
2737,6,3
2738,6,5
2739,8,3
2740,9,3
2741,2,2
2742,9,3
2743,5,5
2744,8,8
2745,3,3
2746,1,7
2747,0,8
2748,0,5
2749,7,7
2750,6,3
2751,6,3
2752,2,2
2753,1,1
2754,6,3
2755,9,7
2756,3,3
2757,1,7
2758,8,3
2759,6,5
2760,9,3
2761,0,2
2762,6,3
2763,0,3
2764,0,5
2765,0,5
2766,6,2
2767,3,3
2768,5,3
2769,9,3
2770,3,3
2771,4,7
2772,5,2
2773,5,3
2774,8,3
2775,5,2
2776,3,3
2777,0,3
2778,4,4
2779,0,2
2780,2,3
2781,9,7
2782,6,5
2783,8,3
2784,2,2
2785,3,3
2786,1,7
2787,2,3
2788,1,1
2789,1,1
2790,5,3
2791,6,6
2792,9,7
2793,8,9
2794,0,6
2795,6,5
2796,6,5
2797,5,3
2798,5,3
2799,3,3
2800,8,3
2801,6,3
2802,2,2
2803,1,7
2804,4,7
2805,5,5
2806,4,7
2807,3,3
2808,7,7
2809,8,3
2810,5,3
2811,0,5
2812,9,3
2813,3,3
2814,5,2
2815,1,9
2816,1,1
2817,0,3
2818,4,9
2819,4,7
2820,7,7
2821,0,3
2822,1,7
2823,7,7
2824,0,5
2825,1,3
2826,6,3
2827,1,1
2828,4,8
2829,5,2
2830,6,3
2831,6,3
2832,5,3
2833,7,2
2834,8,5
2835,4,5
2836,4,7
2837,7,7
2838,2,3
2839,5,3
2840,3,3
2841,7,7
2842,0,3
2843,7,3
2844,7,7
2845,9,3
2846,6,3
2847,4,7
2848,2,3
2849,8,3
2850,5,2
2851,7,7
2852,8,3
2853,3,3
2854,9,3
2855,5,5
2856,8,3
2857,9,3
2858,9,9
2859,8,3
2860,6,5
2861,2,2
2862,8,3
2863,9,7
2864,2,3
2865,3,3
2866,6,3
2867,1,7
2868,1,7
2869,8,3
2870,9,5
2871,3,3
2872,4,7
2873,0,5
2874,7,3
2875,9,9
2876,6,3
2877,4,3
2878,1,3
2879,4,3
2880,1,7
2881,3,3
2882,4,7
2883,9,3
2884,3,3
2885,1,1
2886,4,3
2887,7,7
2888,7,7
2889,4,7
2890,7,7
2891,2,3
2892,9,3
2893,3,3
2894,0,3
2895,8,3
2896,8,3
2897,8,8
2898,4,4
2899,0,5
2900,4,2
2901,4,7
2902,1,7
2903,5,3
2904,2,2
2905,8,3
2906,3,3
2907,4,7
2908,9,7
2909,5,2
2910,2,3
2911,8,3
2912,1,1
2913,5,3
2914,3,3
2915,7,7
2916,9,7
2917,4,3
2918,2,3
2919,5,2
2920,6,2
2921,3,3
2922,5,3
2923,9,7
2924,3,2
2925,5,5
2926,9,7
2927,3,3
2928,1,1
2929,9,8
2930,5,5
2931,3,3
2932,0,2
2933,6,5
2934,9,3
2935,8,3
2936,4,7
2937,0,5
2938,4,8
2939,9,3
2940,2,3
2941,9,7
2942,0,3
2943,1,7
2944,0,5
2945,3,3
2946,1,1
2947,6,5
2948,5,3
2949,8,8
2950,1,4
2951,5,3
2952,3,3
2953,3,3
2954,0,3
2955,3,3
2956,5,3
2957,5,2
2958,9,7
2959,2,2
2960,8,3
2961,7,7
2962,0,3
2963,4,2
2964,9,9
2965,1,7
2966,9,9
2967,7,7
2968,7,2
2969,5,8
2970,5,2
2971,2,2
2972,0,3
2973,9,7
2974,1,1
2975,8,3
2976,6,5
2977,2,3
2978,3,3
2979,9,5
2980,6,5
2981,2,3
2982,1,7
2983,9,9
2984,1,1
2985,3,2
2986,5,5
2987,5,2
2988,0,3
2989,3,3
2990,8,3
2991,3,3
2992,3,3
2993,7,7
2994,6,3
2995,6,3
2996,0,5
2997,1,7
2998,4,3
2999,0,8
3000,6,5
3001,9,7
3002,8,3
3003,1,7
3004,2,3
3005,9,7
3006,9,7
3007,5,2
3008,9,7
3009,7,7
3010,3,2
3011,7,3
3012,8,3
3013,0,5
3014,1,1
3015,3,3
3016,0,3
3017,4,3
3018,6,3
3019,1,7
3020,0,2
3021,2,3
3022,5,3
3023,8,3
3024,4,4
3025,4,7
3026,1,1
3027,1,1
3028,5,3
3029,4,9
3030,6,3
3031,6,5
3032,0,3
3033,6,3
3034,9,3
3035,2,2
3036,6,8
3037,2,3
3038,7,5
3039,1,7
3040,7,7
3041,9,3
3042,4,3
3043,0,2
3044,0,8
3045,3,3
3046,8,3
3047,2,2
3048,2,3
3049,3,3
3050,1,7
3051,6,3
3052,0,3
3053,5,3
3054,7,7
3055,7,7
3056,9,7
3057,2,2
3058,6,3
3059,7,3
3060,9,1
3061,7,3
3062,8,3
3063,6,3
3064,8,3
3065,8,7
3066,4,4
3067,6,3
3068,8,3
3069,4,2
3070,1,7
3071,2,2
3072,8,3
3073,1,3
3074,3,3
3075,9,2
3076,4,7
3077,0,2
3078,3,3
3079,7,9
3080,3,3
3081,2,2
3082,3,3
3083,3,3
3084,7,7
3085,3,3
3086,4,7
3087,0,3
3088,6,5
3089,2,3
3090,0,2
3091,8,3
3092,1,1
3093,5,2
3094,3,3
3095,5,2
3096,4,7
3097,1,1
3098,7,7
3099,1,1
3100,5,3
3101,7,3
3102,5,2
3103,7,7
3104,3,3
3105,2,2
3106,2,2
3107,7,3
3108,3,2
3109,7,7
3110,3,3
3111,7,7
3112,8,3
3113,5,2
3114,4,3
3115,5,8
3116,2,3
3117,5,5
3118,6,3
3119,5,3
3120,3,3
3121,6,3
3122,7,2
3123,4,7
3124,1,7
3125,7,9
3126,1,7
3127,5,2
3128,2,2
3129,3,3
3130,6,5
3131,3,3
3132,1,3
3133,4,3
3134,2,3
3135,6,2
3136,7,7
3137,4,7
3138,3,3
3139,8,3
3140,0,5
3141,6,3
3142,2,2
3143,1,7
3144,6,3
3145,5,2
3146,3,7
3147,9,7
3148,1,1
3149,9,7
3150,3,3
3151,2,2
3152,1,7
3153,8,3
3154,4,7
3155,4,7
3156,6,2
3157,5,3
3158,8,3
3159,6,3
3160,9,2
3161,7,7
3162,7,7
3163,8,3
3164,6,2
3165,9,3
3166,7,3
3167,3,3
3168,9,3
3169,4,7
3170,0,5
3171,5,3
3172,4,3
3173,6,5
3174,4,7
3175,1,7
3176,2,3
3177,3,3
3178,0,3
3179,0,2
3180,2,3
3181,6,3
3182,6,3
3183,5,3
3184,7,3
3185,0,2
3186,8,9
3187,6,3
3188,4,4
3189,7,5
3190,9,3
3191,0,2
3192,7,7
3193,3,3
3194,4,5
3195,2,2
3196,1,7
3197,8,3
3198,8,2
3199,5,3
3200,9,3
3201,2,9
3202,7,7
3203,1,1
3204,8,9
3205,8,3
3206,8,3
3207,2,2
3208,7,7
3209,6,3
3210,0,3
3211,1,7
3212,2,2
3213,7,7
3214,1,1
3215,0,3
3216,8,3
3217,3,3
3218,6,5
3219,0,2
3220,5,3
3221,3,3
3222,6,2
3223,2,2
3224,8,3
3225,7,1
3226,0,3
3227,1,1
3228,4,7
3229,2,3
3230,1,7
3231,1,3
3232,4,7
3233,4,7
3234,4,4
3235,4,3
3236,7,7
3237,1,7
3238,6,5
3239,2,3
3240,9,3
3241,9,2
3242,0,2
3243,0,6
3244,1,1
3245,8,3
3246,8,3
3247,4,7
3248,3,3
3249,4,3
3250,2,2
3251,0,3
3252,6,8
3253,1,1
3254,6,5
3255,1,4
3256,2,3
3257,2,2
3258,2,3
3259,1,7
3260,2,2
3261,3,3
3262,7,5
3263,8,8
3264,1,7
3265,0,3
3266,0,3
3267,2,2
3268,1,7
3269,6,3
3270,6,5
3271,0,0
3272,1,1
3273,6,5
3274,2,2
3275,5,2
3276,1,1
3277,7,8
3278,4,4
3279,8,3
3280,2,2
3281,1,1
3282,4,3
3283,3,3
3284,8,3
3285,3,3
3286,9,7
3287,9,9
3288,4,5
3289,8,3
3290,3,3
3291,4,7
3292,7,7
3293,2,2
3294,7,7
3295,5,3
3296,7,3
3297,0,0
3298,4,7
3299,3,2
3300,3,3
3301,2,2
3302,6,2
3303,7,7
3304,6,4
3305,0,6
3306,0,2
3307,6,2
3308,7,3
3309,7,7
3310,0,5
3311,5,3
3312,5,3
3313,8,7
3314,1,1
3315,0,5
3316,7,7
3317,0,2
3318,2,2
3319,8,3
3320,1,7
3321,5,3
3322,0,2
3323,8,3
3324,8,3
3325,0,3
3326,3,2
3327,2,2
3328,7,3
3329,7,3
3330,2,3
3331,6,3
3332,4,4
3333,7,3
3334,5,5
3335,5,2
3336,5,3
3337,2,2
3338,9,9
3339,2,2
3340,8,3
3341,4,3
3342,6,3
3343,8,8
3344,6,8
3345,5,3
3346,0,3
3347,0,3
3348,8,3
3349,7,7
3350,6,2
3351,1,1
3352,7,7
3353,1,1
3354,1,7
3355,2,2
3356,7,3
3357,4,4
3358,0,2
3359,0,3
3360,7,7
3361,7,3
3362,6,3
3363,3,3
3364,8,3
3365,6,5
3366,4,4
3367,2,2
3368,0,2
3369,9,7
3370,4,4
3371,0,2
3372,5,3
3373,7,3
3374,8,3
3375,2,2
3376,7,7
3377,4,3
3378,7,7
3379,1,1
3380,1,1
3381,3,3
3382,6,3
3383,6,3
3384,2,2
3385,9,2
3386,1,1
3387,9,9
3388,4,3
3389,8,3
3390,3,3
3391,6,5
3392,9,3
3393,5,2
3394,9,2
3395,6,5
3396,2,2
3397,4,7
3398,6,3
3399,7,3
3400,7,7
3401,0,5
3402,6,3
3403,6,3
3404,9,3
3405,4,7
3406,8,3
3407,3,3
3408,5,3
3409,3,3
3410,4,2
3411,9,9
3412,0,2
3413,0,9
3414,5,3
3415,2,3
3416,5,3
3417,0,5
3418,7,7
3419,1,7
3420,1,7
3421,1,1
3422,6,3
3423,7,7
3424,6,5
3425,7,7
3426,9,9
3427,6,8
3428,6,2
3429,4,7
3430,1,7
3431,4,7
3432,3,3
3433,1,1
3434,1,7
3435,2,2
3436,2,2
3437,4,7
3438,1,1
3439,0,3
3440,8,3
3441,7,7
3442,6,5
3443,3,3
3444,4,3
3445,0,5
3446,0,3
3447,6,3
3448,3,2
3449,3,3
3450,0,3
3451,7,3
3452,1,1
3453,7,7
3454,1,7
3455,1,3
3456,3,3
3457,1,7
3458,0,3
3459,9,5
3460,9,5
3461,7,7
3462,5,3
3463,4,7
3464,1,7
3465,4,7
3466,8,3
3467,9,9
3468,5,5
3469,3,3
3470,5,3
3471,1,7
3472,9,2
3473,8,3
3474,2,3
3475,3,3
3476,3,3
3477,9,3
3478,9,7
3479,0,0
3480,1,3
3481,0,3
3482,2,2
3483,9,3
3484,3,3
3485,9,3
3486,3,3
3487,3,3
3488,6,3
3489,2,2
3490,4,7
3491,9,2
3492,8,3
3493,3,3
3494,7,7
3495,4,4
3496,0,2
3497,4,4
3498,7,7
3499,8,3
3500,4,4
3501,9,7
3502,8,3
3503,9,7
3504,9,3
3505,7,7
3506,5,3
3507,9,3
3508,2,2
3509,8,3
3510,2,2
3511,2,3
3512,0,5
3513,2,2
3514,2,3
3515,3,3
3516,8,3
3517,4,4
3518,6,5
3519,8,8
3520,6,3
3521,8,3
3522,2,3
3523,4,7
3524,6,3
3525,7,3
3526,9,7
3527,3,3
3528,3,3
3529,9,7
3530,4,7
3531,3,3
3532,1,7
3533,4,3
3534,4,3
3535,7,7
3536,0,5
3537,5,5
3538,9,7
3539,6,5
3540,0,3
3541,4,7
3542,4,7
3543,4,3
3544,4,4
3545,6,5
3546,1,7
3547,2,3
3548,3,3
3549,3,3
3550,6,5
3551,4,9
3552,5,8
3553,9,7
3554,6,3
3555,8,8
3556,5,3
3557,6,5
3558,5,3
3559,8,2
3560,6,5
3561,4,4
3562,1,7
3563,8,3
3564,6,3
3565,5,3
3566,2,3
3567,8,5
3568,4,7
3569,5,3
3570,5,3
3571,4,2
3572,7,9
3573,7,7
3574,0,2
3575,7,7
3576,8,3
3577,2,2
3578,2,2
3579,3,3
3580,7,7
3581,0,2
3582,1,7
3583,8,3
3584,0,3
3585,7,3
3586,1,1
3587,9,3
3588,8,3
3589,7,7
3590,5,2
3591,5,3
3592,9,9
3593,1,1
3594,7,7
3595,5,8
3596,4,4
3597,9,3
3598,1,7
3599,2,2
3600,2,2
3601,1,7
3602,6,3
3603,6,3
3604,7,7
3605,1,1
3606,1,1
3607,4,7
3608,0,2
3609,7,7
3610,4,7
3611,2,3
3612,4,7
3613,0,5
3614,6,3
3615,4,8
3616,7,7
3617,6,3
3618,9,9
3619,5,3
3620,3,3
3621,4,3
3622,6,3
3623,5,8
3624,0,3
3625,1,1
3626,8,3
3627,8,3
3628,2,3
3629,8,5
3630,3,3
3631,5,3
3632,7,3
3633,8,3
3634,0,2
3635,8,3
3636,5,3
3637,7,3
3638,1,4
3639,1,1
3640,0,5
3641,1,7
3642,3,3
3643,7,7
3644,8,2
3645,5,5
3646,0,3
3647,7,3
3648,1,7
3649,1,3
3650,0,0
3651,1,1
3652,1,7
3653,4,7
3654,5,2
3655,2,5
3656,7,7
3657,6,6
3658,2,3
3659,3,3
3660,0,5
3661,2,3
3662,8,3
3663,5,5
3664,9,5
3665,6,3
3666,9,9
3667,7,3
3668,2,3
3669,1,7
3670,3,3
3671,6,3
3672,4,3
3673,1,7
3674,8,3
3675,2,3
3676,4,7
3677,0,3
3678,5,5
3679,1,7
3680,0,3
3681,2,2
3682,2,3
3683,6,3
3684,4,4
3685,4,4
3686,3,3
3687,9,7
3688,6,3
3689,1,1
3690,6,2
3691,5,3
3692,7,7
3693,9,3
3694,2,3
3695,0,3
3696,2,2
3697,6,3
3698,0,5
3699,1,1
3700,4,7
3701,3,3
3702,5,7
3703,2,2
3704,8,8
3705,8,2
3706,0,3
3707,8,7
3708,8,3
3709,9,7
3710,0,0
3711,9,3
3712,6,3
3713,7,7
3714,6,3
3715,3,3
3716,9,3
3717,3,3
3718,4,7
3719,7,7
3720,7,7
3721,7,7
3722,4,4
3723,9,5
3724,0,3
3725,6,5
3726,4,7
3727,8,3
3728,4,7
3729,2,2
3730,7,7
3731,2,3
3732,8,8
3733,1,1
3734,0,5
3735,0,5
3736,7,3
3737,8,3
3738,3,3
3739,3,2
3740,3,3
3741,1,7
3742,3,3
3743,7,3
3744,6,8
3745,1,3
3746,3,5
3747,1,7
3748,6,5
3749,6,3
3750,5,3
3751,7,7
3752,4,3
3753,7,7
3754,5,3
3755,9,3
3756,5,5
3757,8,3
3758,4,7
3759,9,7
3760,9,7
3761,1,7
3762,6,2
3763,5,2
3764,0,2
3765,1,7
3766,3,3
3767,7,8
3768,0,3
3769,3,3
3770,4,2
3771,8,2
3772,2,2
3773,2,2
3774,0,0
3775,2,3
3776,5,5
3777,1,1
3778,5,5
3779,1,7
3780,4,2
3781,8,3
3782,8,2
3783,9,3
3784,1,7
3785,2,3
3786,1,7
3787,3,3
3788,5,3
3789,1,7
3790,0,5
3791,9,9
3792,4,3
3793,4,7
3794,8,3
3795,3,2
3796,2,5
3797,5,3
3798,9,7
3799,7,3
3800,6,5
3801,6,3
3802,2,2
3803,0,3
3804,0,5
3805,0,3
3806,5,2
3807,8,3
3808,7,1
3809,1,1
3810,5,2
3811,2,3
3812,3,2
3813,8,3
3814,5,2
3815,1,1
3816,8,3
3817,2,2
3818,0,3
3819,4,7
3820,9,3
3821,9,2
3822,6,5
3823,2,3
3824,3,3
3825,3,2
3826,5,2
3827,6,2
3828,4,7
3829,8,3
3830,0,3
3831,9,7
3832,2,2
3833,8,3
3834,3,3
3835,6,6
3836,7,7
3837,5,5
3838,7,7
3839,2,3
3840,9,7
3841,4,4
3842,9,9
3843,1,1
3844,2,2
3845,8,3
3846,6,3
3847,0,3
3848,7,7
3849,0,5
3850,9,2
3851,1,1
3852,1,1
3853,6,2
3854,7,7
3855,5,3
3856,9,3
3857,9,7
3858,1,1
3859,9,3
3860,5,3
3861,9,9
3862,2,5
3863,5,3
3864,0,5
3865,4,7
3866,1,7
3867,0,0
3868,8,3
3869,9,8
3870,0,3
3871,8,3
3872,9,9
3873,8,3
3874,9,9
3875,4,4
3876,2,2
3877,5,3
3878,7,7
3879,9,5
3880,8,3
3881,9,9
3882,8,3
3883,0,5
3884,9,9
3885,9,7
3886,6,3
3887,8,3
3888,9,9
3889,9,7
3890,5,3
3891,9,3
3892,8,5
3893,5,2
3894,1,7
3895,0,5
3896,3,3
3897,3,3
3898,5,3
3899,2,2
3900,1,1
3901,6,6
3902,5,3
3903,0,2
3904,2,3
3905,8,3
3906,1,3
3907,5,5
3908,6,5
3909,2,3
3910,3,3
3911,0,5
3912,2,2
3913,2,2
3914,6,6
3915,4,4
3916,3,3
3917,5,3
3918,5,3
3919,1,7
3920,7,7
3921,2,3
3922,1,7
3923,6,5
3924,9,3
3925,1,1
3926,9,3
3927,9,7
3928,5,3
3929,5,5
3930,1,7
3931,6,7
3932,2,2
3933,2,2
3934,8,3
3935,6,3
3936,7,7
3937,1,9
3938,4,7
3939,6,2
3940,0,3
3941,4,7
3942,0,5
3943,3,2
3944,3,3
3945,2,3
3946,2,2
3947,3,3
3948,6,5
3949,8,3
3950,9,7
3951,8,9
3952,5,3
3953,3,3
3954,8,3
3955,5,3
3956,4,7
3957,5,5
3958,2,2
3959,0,3
3960,5,5
3961,6,3
3962,3,3
3963,2,3
3964,8,3
3965,3,3
3966,9,9
3967,9,7
3968,5,2
3969,7,7
3970,9,7
3971,4,2
3972,6,2
3973,7,7
3974,1,1
3975,3,3
3976,7,7
3977,3,7
3978,6,5
3979,6,5
3980,0,3
3981,9,7
3982,0,5
3983,1,1
3984,9,7
3985,9,3
3986,2,2
3987,8,9
3988,8,3
3989,0,5
3990,1,1
3991,6,3
3992,9,3
3993,7,7
3994,5,3
3995,3,3
3996,4,7
3997,7,3
3998,4,1
3999,9,7
4000,9,3
4001,4,7
4002,3,3
4003,6,3
4004,3,3
4005,1,7
4006,1,7
4007,7,7
4008,6,3
4009,9,3
4010,1,7
4011,8,3
4012,4,7
4013,1,5
4014,1,3
4015,9,3
4016,9,3
4017,4,3
4018,3,5
4019,6,3
4020,8,3
4021,1,4
4022,6,3
4023,0,5
4024,4,7
4025,1,7
4026,3,3
4027,7,7
4028,7,7
4029,4,1
4030,9,7
4031,5,3
4032,1,7
4033,0,2
4034,0,3
4035,1,7
4036,1,3
4037,6,5
4038,2,2
4039,1,7
4040,9,9
4041,8,3
4042,4,4
4043,0,5
4044,3,3
4045,6,5
4046,4,7
4047,9,7
4048,0,0
4049,7,7
4050,1,1
4051,6,6
4052,5,2
4053,7,7
4054,5,3
4055,2,3
4056,5,3
4057,1,7
4058,8,3
4059,5,5
4060,4,3
4061,7,7
4062,0,3
4063,6,8
4064,7,7
4065,0,2
4066,2,3
4067,5,3
4068,8,3
4069,1,7
4070,0,5
4071,4,4
4072,5,2
4073,7,7
4074,1,1
4075,8,3
4076,5,5
4077,1,4
4078,9,3
4079,0,2
4080,0,8
4081,6,3
4082,0,2
4083,7,7
4084,3,2
4085,1,7
4086,8,3
4087,3,3
4088,9,7
4089,7,3
4090,0,8
4091,0,3
4092,8,3
4093,9,2
4094,5,3
4095,9,3
4096,8,2
4097,3,3
4098,2,3
4099,7,3
4100,2,3
4101,9,3
4102,7,3
4103,2,7
4104,1,7
4105,1,1
4106,3,3
4107,7,7
4108,5,8
4109,3,3
4110,1,7
4111,9,7
4112,8,3
4113,2,3
4114,2,2
4115,2,2
4116,8,5
4117,8,3
4118,5,2
4119,7,9
4120,3,3
4121,8,3
4122,9,7
4123,8,3
4124,8,3
4125,6,5
4126,8,3
4127,2,2
4128,3,2
4129,9,7
4130,7,7
4131,5,5
4132,6,8
4133,2,2
4134,9,7
4135,2,3
4136,8,3
4137,8,5
4138,1,7
4139,6,3
4140,8,3
4141,8,8
4142,7,3
4143,9,3
4144,1,7
4145,8,3
4146,0,3
4147,1,7
4148,7,2
4149,2,3
4150,0,5
4151,7,7
4152,5,5
4153,1,7
4154,9,5
4155,0,5
4156,2,2
4157,0,3
4158,9,3
4159,8,3
4160,6,5
4161,2,5
4162,3,3
4163,9,5
4164,3,3
4165,8,2
4166,0,5
4167,2,2
4168,1,7
4169,1,7
4170,1,1
4171,1,3
4172,4,7
4173,2,2
4174,9,9
4175,7,7
4176,2,2
4177,5,2
4178,1,1
4179,1,1
4180,2,2
4181,1,1
4182,9,7
4183,9,2
4184,9,7
4185,1,1
4186,0,8
4187,2,2
4188,0,3
4189,2,2
4190,1,7
4191,1,1
4192,4,5
4193,6,5
4194,4,3
4195,1,7
4196,5,3
4197,4,7
4198,9,5
4199,7,7
4200,7,7
4201,1,4
4202,5,2
4203,6,5
4204,2,2
4205,2,2
4206,2,3
4207,8,3
4208,0,6
4209,6,3
4210,9,7
4211,6,5
4212,1,7
4213,9,3
4214,7,7
4215,7,7
4216,1,1
4217,4,4
4218,8,3
4219,5,3
4220,3,3
4221,4,3
4222,3,3
4223,4,2
4224,9,7
4225,7,7
4226,5,3
4227,0,2
4228,7,7
4229,4,7
4230,8,8
4231,8,3
4232,1,7
4233,5,5
4234,3,3
4235,9,7
4236,5,5
4237,9,3
4238,7,3
4239,6,3
4240,9,3
4241,0,8
4242,3,3
4243,6,8
4244,3,3
4245,9,3
4246,8,3
4247,2,7
4248,2,5
4249,1,7
4250,2,2
4251,8,3
4252,6,3
4253,8,3
4254,5,2
4255,5,3
4256,3,3
4257,9,5
4258,4,4
4259,9,3
4260,2,3
4261,5,2
4262,1,1
4263,5,3
4264,1,7
4265,4,7
4266,4,7
4267,1,7
4268,4,2
4269,4,3
4270,3,3
4271,5,2
4272,9,3
4273,1,7
4274,2,3
4275,2,2
4276,3,2
4277,3,3
4278,0,5
4279,2,3
4280,9,3
4281,0,6
4282,0,3
4283,9,9
4284,9,3
4285,6,5
4286,0,3
4287,9,3
4288,3,3
4289,2,2
4290,8,7
4291,4,2
4292,1,1
4293,9,3
4294,9,3
4295,7,7
4296,2,3
4297,7,7
4298,9,2
4299,9,7
4300,5,8
4301,9,9
4302,5,2
4303,1,1
4304,1,7
4305,8,3
4306,3,2
4307,5,3
4308,1,4
4309,9,7
4310,5,8
4311,3,3
4312,5,2
4313,4,7
4314,9,7
4315,5,3
4316,9,3
4317,3,3
4318,1,1
4319,9,9
4320,0,3
4321,9,3
4322,7,3
4323,5,2
4324,4,5
4325,9,7
4326,2,3
4327,0,5
4328,1,7
4329,0,5
4330,5,3
4331,1,4
4332,4,4
4333,9,3
4334,3,3
4335,3,3
4336,6,5
4337,1,7
4338,5,3
4339,2,2
4340,5,2
4341,2,2
4342,2,2
4343,0,5
4344,9,2
4345,2,3
4346,6,5
4347,6,3
4348,0,3
4349,1,3
4350,2,5
4351,0,5
4352,3,2
4353,0,2
4354,2,2
4355,5,3
4356,5,3
4357,7,7
4358,9,3
4359,5,2
4360,5,3
4361,0,3
4362,8,3
4363,9,3
4364,5,3
4365,0,6
4366,3,3
4367,2,2
4368,5,2
4369,9,7
4370,0,2
4371,8,3
4372,8,3
4373,4,2
4374,5,3
4375,8,3
4376,8,5
4377,4,4
4378,5,5
4379,4,4
4380,8,3
4381,5,3
4382,4,3
4383,9,3
4384,2,8
4385,2,2
4386,1,1
4387,2,6
4388,6,3
4389,8,3
4390,8,3
4391,7,7
4392,0,2
4393,3,3
4394,6,2
4395,6,3
4396,4,4
4397,3,2
4398,8,3
4399,8,3
4400,7,2
4401,2,2
4402,2,3
4403,0,3
4404,0,2
4405,9,7
4406,3,3
4407,9,3
4408,9,2
4409,1,7
4410,9,9
4411,8,8
4412,6,3
4413,6,8
4414,4,4
4415,2,3
4416,6,6
4417,9,7
4418,2,3
4419,8,3
4420,5,3
4421,4,7
4422,5,3
4423,7,7
4424,9,7
4425,9,3
4426,9,7
4427,2,2
4428,1,8
4429,8,3
4430,3,3
4431,4,7
4432,0,5
4433,7,5
4434,8,3
4435,3,3
4436,9,9
4437,3,3
4438,4,7
4439,6,4
4440,5,3
4441,6,3
4442,2,5
4443,3,2
4444,9,7
4445,2,3
4446,6,5
4447,0,3
4448,0,5
4449,6,2
4450,1,7
4451,2,5
4452,8,2
4453,7,7
4454,9,3
4455,8,3
4456,2,3
4457,0,2
4458,4,7
4459,7,7
4460,7,7
4461,5,5
4462,0,5
4463,5,2
4464,6,5
4465,4,2
4466,6,3
4467,7,3
4468,4,3
4469,3,3
4470,0,3
4471,7,7
4472,5,2
4473,0,6
4474,7,7
4475,4,4
4476,2,2
4477,0,3
4478,8,3
4479,9,7
4480,9,7
4481,4,3
4482,2,3
4483,4,7
4484,6,3
4485,7,3
4486,8,3
4487,7,3
4488,6,3
4489,9,3
4490,4,7
4491,1,1
4492,3,3
4493,7,7
4494,3,3
4495,0,5
4496,8,3
4497,8,7
4498,7,3
4499,6,6
4500,9,7
4501,3,3
4502,9,7
4503,2,3
4504,2,2
4505,9,3
4506,2,2
4507,1,5
4508,8,3
4509,3,3
4510,2,3
4511,9,2
4512,6,3
4513,8,3
4514,4,3
4515,0,3
4516,1,1
4517,2,3
4518,8,3
4519,4,7
4520,5,3
4521,2,3
4522,7,7
4523,8,8
4524,1,7
4525,1,1
4526,3,3
4527,0,5
4528,3,3
4529,5,5
4530,7,7
4531,0,2
4532,3,3
4533,1,7
4534,9,5
4535,3,3
4536,6,3
4537,3,3
4538,1,3
4539,7,7
4540,7,3
4541,3,3
4542,0,5
4543,8,8
4544,4,8
4545,8,9
4546,2,2
4547,6,3
4548,5,2
4549,2,2
4550,9,7
4551,7,7
4552,3,3
4553,9,3
4554,0,2
4555,9,7
4556,9,7
4557,6,5
4558,4,7
4559,2,3
4560,9,3
4561,7,2
4562,2,3
4563,1,1
4564,1,4
4565,6,5
4566,7,7
4567,4,3
4568,7,2
4569,5,2
4570,9,8
4571,6,3
4572,8,3
4573,2,2
4574,1,7
4575,4,5
4576,4,7
4577,5,2
4578,7,7
4579,6,3
4580,1,7
4581,3,3
4582,2,3
4583,5,2
4584,9,2
4585,9,3
4586,3,3
4587,6,5
4588,1,7
4589,1,1
4590,4,4
4591,6,3
4592,9,3
4593,7,2
4594,2,2
4595,1,4
4596,5,3
4597,1,1
4598,4,3
4599,6,7
4600,3,3
4601,8,2
4602,1,1
4603,1,7
4604,0,3
4605,3,3
4606,1,1
4607,6,5
4608,8,3
4609,4,4
4610,9,9
4611,0,2
4612,7,7
4613,3,3
4614,0,3
4615,2,2
4616,9,2
4617,0,5
4618,6,2
4619,6,3
4620,6,6
4621,3,3
4622,6,6
4623,7,7
4624,7,7
4625,2,2
4626,8,3
4627,6,3
4628,0,5
4629,8,3
4630,3,5
4631,0,2
4632,2,3
4633,9,9
4634,8,3
4635,3,3
4636,2,2
4637,5,2
4638,3,3
4639,8,3
4640,8,3
4641,0,2
4642,0,5
4643,1,7
4644,9,7
4645,5,3
4646,1,1
4647,3,3
4648,9,7
4649,6,3
4650,0,5
4651,1,7
4652,4,3
4653,1,1
4654,7,3
4655,1,7
4656,2,2
4657,3,2
4658,7,2
4659,9,3
4660,7,7
4661,4,7
4662,9,3
4663,9,3
4664,3,3
4665,9,7
4666,2,2
4667,8,8
4668,2,3
4669,7,9
4670,1,7
4671,8,3
4672,0,5
4673,9,7
4674,1,7
4675,0,6
4676,1,7
4677,7,7
4678,7,7
4679,9,7
4680,6,2
4681,9,3
4682,9,3
4683,9,3
4684,2,2
4685,1,4
4686,6,6
4687,1,1
4688,3,3
4689,5,2
4690,7,5
4691,1,7
4692,9,3
4693,7,7
4694,6,5
4695,4,3
4696,5,2
4697,7,3
4698,6,3
4699,6,2
4700,9,7
4701,9,3
4702,6,2
4703,3,3
4704,6,7
4705,2,2
4706,9,7
4707,8,2
4708,1,4
4709,2,2
4710,2,3
4711,5,3
4712,5,3
4713,2,3
4714,3,3
4715,7,7
4716,2,3
4717,1,7
4718,0,5
4719,1,1
4720,0,3
4721,4,4
4722,5,5
4723,2,2
4724,8,3
4725,2,2
4726,8,3
4727,3,3
4728,5,5
4729,1,1
4730,7,7
4731,8,3
4732,1,7
4733,1,1
4734,2,3
4735,9,3
4736,7,2
4737,8,3
4738,4,8
4739,0,3
4740,3,3
4741,0,3
4742,7,7
4743,8,3
4744,8,3
4745,4,7
4746,7,7
4747,7,7
4748,8,8
4749,5,5
4750,8,3
4751,4,3
4752,9,9
4753,8,5
4754,1,7
4755,3,3
4756,8,3
4757,0,3
4758,3,3
4759,1,1
4760,7,7
4761,9,3
4762,5,3
4763,5,5
4764,1,1
4765,6,8
4766,5,3
4767,7,7
4768,4,2
4769,9,3
4770,3,3
4771,5,7
4772,4,7
4773,7,3
4774,1,7
4775,2,8
4776,0,3
4777,8,3
4778,1,4
4779,6,3
4780,0,5
4781,7,7
4782,3,3
4783,4,3
4784,7,7
4785,3,3
4786,9,2
4787,6,3
4788,0,5
4789,8,3
4790,6,2
4791,4,7
4792,8,3
4793,7,9
4794,7,7
4795,9,3
4796,3,7
4797,8,3
4798,6,2
4799,9,7
4800,7,3
4801,2,2
4802,3,2
4803,4,7
4804,0,3
4805,2,3
4806,1,7
4807,8,3
4808,3,3
4809,5,3
4810,5,5
4811,7,7
4812,2,3
4813,4,8
4814,6,5
4815,7,7
4816,2,2
4817,8,8
4818,3,3
4819,0,3
4820,8,8
4821,7,7
4822,8,3
4823,9,2
4824,0,3
4825,8,3
4826,4,7
4827,4,7
4828,5,3
4829,8,3
4830,5,3
4831,6,5
4832,6,7
4833,3,3
4834,0,2
4835,9,7
4836,3,5
4837,7,3
4838,6,5
4839,8,3
4840,9,7
4841,3,3
4842,4,7
4843,9,7
4844,5,3
4845,8,3
4846,9,8
4847,1,7
4848,2,3
4849,8,3
4850,8,3
4851,6,3
4852,8,3
4853,1,7
4854,3,3
4855,7,3
4856,9,9
4857,0,2
4858,1,1
4859,1,1
4860,4,3
4861,7,7
4862,0,0
4863,8,3
4864,1,1
4865,7,7
4866,4,7
4867,5,3
4868,7,7
4869,1,7
4870,2,2
4871,1,1
4872,1,1
4873,3,3
4874,9,2
4875,6,3
4876,2,2
4877,1,1
4878,2,5
4879,8,8
4880,0,3
4881,7,7
4882,6,3
4883,6,3
4884,9,7
4885,3,3
4886,7,7
4887,0,3
4888,5,5
4889,2,2
4890,8,3
4891,0,2
4892,5,5
4893,4,7
4894,3,3
4895,8,3
4896,4,5
4897,6,5
4898,6,5
4899,2,2
4900,7,7
4901,9,7
4902,5,3
4903,1,7
4904,3,3
4905,2,2
4906,4,7
4907,3,2
4908,6,3
4909,1,7
4910,9,7
4911,4,7
4912,4,7
4913,7,7
4914,6,3
4915,5,2
4916,4,7
4917,1,1
4918,9,7
4919,9,3
4920,2,3
4921,7,7
4922,8,3
4923,0,5
4924,1,7
4925,3,3
4926,6,3
4927,1,7
4928,3,3
4929,4,1
4930,1,4
4931,1,7
4932,1,1
4933,5,7
4934,6,3
4935,0,5
4936,7,3
4937,0,5
4938,7,7
4939,2,7
4940,3,3
4941,2,3
4942,5,2
4943,2,2
4944,2,3
4945,9,3
4946,4,9
4947,9,9
4948,8,7
4949,1,7
4950,2,2
4951,1,1
4952,6,5
4953,1,3
4954,2,3
4955,7,7
4956,8,3
4957,0,5
4958,0,0
4959,0,3
4960,8,8
4961,2,3
4962,2,2
4963,9,7
4964,2,3
4965,2,2
4966,7,7
4967,9,2
4968,9,7
4969,2,2
4970,7,7
4971,5,3
4972,1,1
4973,3,3
4974,4,2
4975,9,3
4976,4,7
4977,1,7
4978,8,3
4979,5,3
4980,6,2
4981,2,3
4982,8,3
4983,3,3
4984,1,3
4985,2,3
4986,8,3
4987,4,4
4988,9,7
4989,9,7
4990,3,3
4991,7,7
4992,0,2
4993,7,7
4994,7,3
4995,2,3
4996,3,3
4997,2,3
4998,4,7
4999,0,0
5000,3,2
5001,9,3
5002,9,3
5003,8,8
5004,4,4
5005,1,7
5006,0,3
5007,6,5
5008,0,3
5009,9,5
5010,6,3
5011,8,3
5012,6,3
5013,1,7
5014,1,7
5015,9,7
5016,8,3
5017,9,5
5018,2,3
5019,3,3
5020,5,3
5021,5,3
5022,9,3
5023,4,3
5024,2,3
5025,1,1
5026,9,3
5027,4,7
5028,3,3
5029,9,7
5030,6,3
5031,0,3
5032,4,3
5033,0,8
5034,6,5
5035,0,3
5036,1,7
5037,2,3
5038,3,3
5039,4,7
5040,7,7
5041,8,3
5042,9,9
5043,0,2
5044,1,7
5045,2,3
5046,3,3
5047,4,3
5048,7,7
5049,8,3
5050,9,3
5051,0,3
5052,1,1
5053,2,2
5054,3,3
5055,4,8
5056,5,2
5057,6,6
5058,7,9
5059,8,3
5060,9,3
5061,8,3
5062,3,3
5063,4,7
5064,7,7
5065,8,3
5066,6,5
5067,3,3
5068,4,7
5069,0,3
5070,9,3
5071,7,7
5072,1,7
5073,9,3
5074,3,3
5075,8,8
5076,4,7
5077,7,3
5078,3,3
5079,0,3
5080,9,9
5081,1,7
5082,4,2
5083,5,5
5084,4,3
5085,6,3
5086,2,3
5087,0,5
5088,6,3
5089,2,3
5090,1,7
5091,1,7
5092,1,7
5093,1,7
5094,7,7
5095,2,3
5096,4,4
5097,7,7
5098,5,3
5099,2,3
5100,9,3
5101,4,3
5102,5,5
5103,8,3
5104,4,3
5105,2,3
5106,9,3
5107,7,3
5108,0,2
5109,0,3
5110,7,7
5111,5,5
5112,1,7
5113,1,7
5114,7,7
5115,6,2
5116,6,6
5117,6,3
5118,8,8
5119,2,2
5120,2,3
5121,7,7
5122,7,7
5123,4,3
5124,0,3
5125,2,3
5126,4,7
5127,2,3
5128,1,1
5129,8,8
5130,9,3
5131,6,3
5132,1,1
5133,0,3
5134,5,5
5135,9,7
5136,6,3
5137,9,3
5138,8,3
5139,0,3
5140,3,3
5141,0,5
5142,8,3
5143,3,3
5144,9,3
5145,6,5
5146,3,3
5147,0,5
5148,1,1
5149,2,3
5150,3,3
5151,4,7
5152,5,3
5153,6,3
5154,7,7
5155,0,3
5156,1,7
5157,2,3
5158,3,3
5159,4,7
5160,5,3
5161,6,5
5162,7,9
5163,8,3
5164,9,3
5165,0,3
5166,1,1
5167,2,2
5168,3,3
5169,4,7
5170,5,3
5171,6,2
5172,7,7
5173,8,2
5174,5,3
5175,4,7
5176,8,5
5177,7,7
5178,4,7
5179,7,7
5180,7,2
5181,3,3
5182,9,3
5183,8,8
5184,8,3
5185,3,3
5186,1,1
5187,5,3
5188,8,5
5189,2,2
5190,7,2
5191,4,7
5192,2,2
5193,1,1
5194,5,3
5195,4,4
5196,5,5
5197,5,5
5198,8,2
5199,6,2
5200,4,5
5201,4,4
5202,4,4
5203,1,1
5204,8,3
5205,7,9
5206,5,3
5207,5,3
5208,1,7
5209,8,5
5210,9,7
5211,1,1
5212,3,3
5213,6,2
5214,3,3
5215,3,3
5216,2,2
5217,2,2
5218,6,6
5219,9,9
5220,9,8
5221,6,2
5222,5,2
5223,5,2
5224,3,3
5225,3,3
5226,8,3
5227,1,7
5228,6,2
5229,5,5
5230,6,3
5231,8,2
5232,1,7
5233,9,9
5234,7,7
5235,6,6
5236,8,8
5237,3,3
5238,7,5
5239,4,7
5240,7,7
5241,0,5
5242,9,9
5243,0,3
5244,0,3
5245,3,5
5246,7,7
5247,9,3
5248,3,3
5249,0,3
5250,2,3
5251,0,5
5252,1,1
5253,0,4
5254,1,9
5255,0,3
5256,4,3
5257,0,3
5258,1,1
5259,0,5
5260,4,2
5261,7,7
5262,9,3
5263,6,5
5264,2,3
5265,6,2
5266,2,2
5267,2,2
5268,9,3
5269,9,3
5270,0,2
5271,1,7
5272,2,3
5273,3,3
5274,4,7
5275,5,3
5276,6,3
5277,7,7
5278,8,3
5279,9,7
5280,0,3
5281,1,7
5282,2,3
5283,3,3
5284,4,7
5285,5,3
5286,6,3
5287,7,3
5288,8,9
5289,9,3
5290,0,3
5291,1,7
5292,2,3
5293,3,3
5294,4,2
5295,5,3
5296,6,3
5297,7,3
5298,8,3
5299,9,7
5300,8,3
5301,0,8
5302,5,3
5303,6,3
5304,6,3
5305,0,0
5306,8,8
5307,0,3
5308,2,2
5309,3,3
5310,7,3
5311,9,3
5312,4,7
5313,7,7
5314,1,7
5315,9,3
5316,1,1
5317,7,3
5318,1,7
5319,4,7
5320,0,3
5321,0,3
5322,4,3
5323,1,1
5324,7,3
5325,5,3
5326,7,3
5327,1,1
5328,3,3
5329,3,3
5330,3,3
5331,1,7
5332,6,3
5333,9,3
5334,7,3
5335,4,4
5336,3,3
5337,0,5
5338,2,3
5339,5,3
5340,2,2
5341,6,5
5342,0,6
5343,8,3
5344,9,9
5345,4,7
5346,3,3
5347,5,3
5348,4,7
5349,8,8
5350,1,1
5351,5,3
5352,9,3
5353,0,3
5354,6,3
5355,4,4
5356,3,3
5357,6,3
5358,3,3
5359,3,3
5360,8,3
5361,1,7
5362,4,7
5363,7,7
5364,5,3
5365,7,7
5366,2,2
5367,2,3
5368,0,3
5369,0,3
5370,1,1
5371,7,9
5372,7,7
5373,9,9
5374,5,5
5375,9,7
5376,8,3
5377,9,3
5378,6,5
5379,8,7
5380,8,7
5381,2,3
5382,3,3
5383,6,3
5384,1,1
5385,2,3
5386,9,9
5387,8,3
5388,9,9
5389,5,3
5390,2,3
5391,6,3
5392,2,3
5393,4,3
5394,8,8
5395,4,7
5396,6,3
5397,5,3
5398,0,3
5399,1,1
5400,5,3
5401,6,3
5402,7,7
5403,8,3
5404,9,3
5405,0,8
5406,1,1
5407,2,2
5408,3,3
5409,4,3
5410,5,5
5411,6,3
5412,7,7
5413,8,3
5414,9,3
5415,0,2
5416,1,1
5417,2,2
5418,3,3
5419,4,7
5420,5,3
5421,6,3
5422,7,3
5423,8,7
5424,9,7
5425,7,7
5426,4,4
5427,2,3
5428,0,2
5429,9,9
5430,0,3
5431,1,1
5432,5,3
5433,8,3
5434,8,3
5435,0,3
5436,2,2
5437,7,7
5438,8,3
5439,4,2
5440,4,3
5441,6,3
5442,1,1
5443,0,3
5444,4,3
5445,5,3
5446,3,3
5447,9,9
5448,4,7
5449,2,2
5450,0,3
5451,5,3
5452,0,3
5453,1,9
5454,3,3
5455,2,3
5456,9,3
5457,1,3
5458,6,3
5459,0,2
5460,1,1
5461,1,1
5462,8,5
5463,0,5
5464,4,7
5465,7,7
5466,7,7
5467,6,3
5468,3,3
5469,6,3
5470,0,3
5471,7,7
5472,3,3
5473,5,3
5474,4,7
5475,2,2
5476,4,7
5477,1,1
5478,8,8
5479,3,3
5480,5,2
5481,6,3
5482,7,7
5483,0,3
5484,6,3
5485,7,3
5486,1,7
5487,2,2
5488,5,3
5489,8,3
5490,1,7
5491,9,3
5492,3,3
5493,8,3
5494,2,2
5495,8,8
5496,7,7
5497,6,3
5498,7,7
5499,1,1
5500,4,7
5501,6,3
5502,2,2
5503,9,3
5504,3,3
5505,0,3
5506,1,1
5507,2,2
5508,3,3
5509,4,4
5510,5,3
5511,6,6
5512,7,7
5513,0,3
5514,1,7
5515,2,3
5516,3,3
5517,4,3
5518,5,3
5519,0,5
5520,1,1
5521,2,2
5522,8,8
5523,9,9
5524,1,7
5525,4,7
5526,0,3
5527,9,7
5528,5,3
5529,0,3
5530,8,3
5531,0,3
5532,7,7
5533,7,7
5534,1,7
5535,1,7
5536,2,3
5537,9,7
5538,3,3
5539,6,5
5540,7,7
5541,2,3
5542,3,3
5543,8,3
5544,1,7
5545,2,3
5546,9,9
5547,8,3
5548,8,8
5549,7,7
5550,1,1
5551,7,7
5552,1,7
5553,1,7
5554,0,5
5555,3,3
5556,4,7
5557,2,3
5558,6,3
5559,4,3
5560,7,9
5561,4,3
5562,2,3
5563,7,7
5564,4,3
5565,9,7
5566,1,1
5567,0,3
5568,6,3
5569,8,3
5570,5,3
5571,5,3
5572,5,3
5573,3,3
5574,5,3
5575,9,7
5576,7,3
5577,4,3
5578,8,3
5579,5,3
5580,9,7
5581,6,3
5582,9,7
5583,3,3
5584,0,3
5585,3,3
5586,8,5
5587,9,3
5588,1,7
5589,8,7
5590,1,7
5591,6,3
5592,0,3
5593,0,3
5594,1,7
5595,2,3
5596,3,3
5597,4,7
5598,5,3
5599,6,3
5600,7,7
5601,8,7
5602,9,7
5603,0,5
5604,1,4
5605,2,3
5606,3,3
5607,4,7
5608,5,3
5609,6,3
5610,7,9
5611,8,2
5612,9,7
5613,0,2
5614,1,7
5615,2,2
5616,3,3
5617,4,7
5618,5,3
5619,6,3
5620,7,7
5621,8,8
5622,9,7
5623,3,3
5624,5,3
5625,3,3
5626,2,3
5627,9,3
5628,3,3
5629,2,3
5630,1,7
5631,4,7
5632,5,5
5633,5,3
5634,2,3
5635,3,3
5636,2,3
5637,1,7
5638,3,3
5639,9,7
5640,7,7
5641,2,3
5642,1,7
5643,2,3
5644,8,3
5645,9,7
5646,1,1
5647,8,8
5648,8,3
5649,7,7
5650,8,2
5651,1,7
5652,0,2
5653,0,3
5654,7,7
5655,7,9
5656,8,3
5657,7,7
5658,5,8
5659,0,3
5660,6,5
5661,1,7
5662,5,3
5663,7,7
5664,4,3
5665,6,3
5666,1,7
5667,2,2
5668,5,3
5669,0,2
5670,7,7
5671,9,9
5672,9,3
5673,0,8
5674,3,3
5675,8,3
5676,4,7
5677,4,3
5678,8,3
5679,1,7
5680,8,3
5681,6,5
5682,5,3
5683,9,9
5684,0,8
5685,0,5
5686,0,8
5687,3,3
5688,7,7
5689,1,1
5690,6,3
5691,4,7
5692,2,3
5693,6,3
5694,6,5
5695,0,5
5696,4,7
5697,5,5
5698,4,3
5699,1,7
5700,3,3
5701,8,3
5702,6,2
5703,3,3
5704,9,3
5705,9,7
5706,5,2
5707,9,9
5708,3,3
5709,7,9
5710,8,7
5711,5,3
5712,6,6
5713,4,7
5714,7,7
5715,6,3
5716,2,3
5717,2,3
5718,0,5
5719,9,7
5720,4,7
5721,0,2
5722,1,1
5723,2,3
5724,3,3
5725,4,7
5726,5,5
5727,6,7
5728,7,7
5729,8,3
5730,9,9
5731,0,5
5732,1,7
5733,2,3
5734,3,3
5735,5,5
5736,6,2
5737,0,5
5738,1,1
5739,2,2
5740,3,3
5741,4,3
5742,5,3
5743,6,3
5744,8,3
5745,7,7
5746,1,1
5747,3,3
5748,2,2
5749,8,3
5750,0,3
5751,7,3
5752,5,3
5753,9,3
5754,9,3
5755,6,3
5756,0,2
5757,9,9
5758,4,3
5759,1,1
5760,3,3
5761,2,2
5762,1,1
5763,2,3
5764,3,3
5765,8,8
5766,3,3
5767,2,2
5768,6,3
5769,5,3
5770,6,3
5771,8,3
5772,2,2
5773,7,7
5774,4,7
5775,8,3
5776,1,7
5777,8,3
5778,0,3
5779,5,3
5780,3,3
5781,9,7
5782,4,2
5783,1,7
5784,9,3
5785,2,2
5786,1,7
5787,9,2
5788,6,6
5789,7,7
5790,9,3
5791,0,2
5792,4,4
5793,6,2
5794,1,1
5795,7,7
5796,3,3
5797,8,5
5798,7,3
5799,2,7
5800,9,3
5801,6,6
5802,5,3
5803,8,2
5804,3,3
5805,9,3
5806,0,3
5807,5,3
5808,7,7
5809,1,1
5810,6,2
5811,1,7
5812,0,3
5813,9,7
5814,3,3
5815,3,3
5816,4,2
5817,4,4
5818,0,5
5819,6,5
5820,2,3
5821,5,3
5822,4,4
5823,2,3
5824,3,3
5825,4,2
5826,6,2
5827,0,4
5828,0,5
5829,2,2
5830,0,5
5831,1,3
5832,4,3
5833,5,3
5834,6,3
5835,7,7
5836,8,3
5837,9,7
5838,0,3
5839,1,7
5840,2,3
5841,3,3
5842,4,3
5843,5,3
5844,6,3
5845,7,3
5846,8,3
5847,0,3
5848,1,7
5849,2,3
5850,3,3
5851,4,7
5852,5,3
5853,6,3
5854,7,3
5855,8,8
5856,9,7
5857,8,3
5858,7,7
5859,1,3
5860,3,3
5861,7,7
5862,5,3
5863,2,3
5864,8,3
5865,0,3
5866,7,3
5867,5,3
5868,9,7
5869,9,7
5870,0,3
5871,9,7
5872,1,7
5873,1,1
5874,5,5
5875,8,3
5876,8,3
5877,6,3
5878,3,3
5879,2,2
5880,1,1
5881,8,3
5882,3,3
5883,2,2
5884,6,6
5885,5,3
5886,6,3
5887,7,3
5888,4,2
5889,1,7
5890,0,3
5891,5,3
5892,3,3
5893,1,1
5894,9,7
5895,2,2
5896,1,7
5897,9,2
5898,6,3
5899,0,3
5900,4,3
5901,6,5
5902,1,7
5903,7,7
5904,3,3
5905,8,3
5906,7,9
5907,2,8
5908,9,7
5909,6,5
5910,5,3
5911,8,3
5912,3,2
5913,5,5
5914,7,7
5915,1,7
5916,6,8
5917,1,7
5918,0,3
5919,9,3
5920,6,3
5921,2,5
5922,5,3
5923,4,7
5924,2,3
5925,3,3
5926,4,7
5927,4,4
5928,6,5
5929,0,3
5930,0,2
5931,2,2
5932,0,2
5933,1,7
5934,2,3
5935,3,3
5936,4,3
5937,5,3
5938,6,3
5939,7,7
5940,8,3
5941,9,9
5942,0,3
5943,1,3
5944,2,3
5945,3,3
5946,4,7
5947,5,3
5948,6,3
5949,7,7
5950,8,3
5951,9,7
5952,0,3
5953,1,7
5954,2,3
5955,3,3
5956,4,4
5957,5,3
5958,6,5
5959,7,7
5960,8,3
5961,9,3
5962,8,3
5963,6,3
5964,5,3
5965,0,3
5966,6,3
5967,8,3
5968,9,3
5969,4,4
5970,1,7
5971,9,7
5972,5,3
5973,3,3
5974,0,3
5975,4,3
5976,8,3
5977,9,7
5978,1,7
5979,4,7
5980,0,3
5981,5,3
5982,5,3
5983,2,2
5984,1,7
5985,5,3
5986,4,3
5987,0,3
5988,7,7
5989,6,3
5990,0,3
5991,1,7
5992,7,3
5993,0,8
5994,6,3
5995,8,3
5996,9,9
5997,5,3
5998,1,1
5999,7,7
6000,9,7
6001,8,3
6002,6,3
6003,0,3
6004,8,3
6005,1,7
6006,7,7
6007,7,3
6008,1,4
6009,3,3
6010,2,3
6011,3,3
6012,1,7
6013,4,5
6014,2,3
6015,0,3
6016,0,3
6017,7,7
6018,8,3
6019,4,7
6020,6,2
6021,4,3
6022,9,3
6023,3,3
6024,8,3
6025,4,7
6026,7,7
6027,2,5
6028,5,3
6029,6,3
6030,3,3
6031,6,3
6032,9,3
6033,6,3
6034,3,3
6035,2,3
6036,2,3
6037,4,3
6038,6,3
6039,9,7
6040,0,3
6041,2,3
6042,5,2
6043,5,3
6044,1,7
6045,3,2
6046,3,3
6047,9,3
6048,7,7
6049,8,3
6050,7,7
6051,2,3
6052,2,3
6053,5,3
6054,7,7
6055,9,3
6056,8,3
6057,2,2
6058,1,1
6059,3,3
6060,1,7
6061,3,3
6062,0,3
6063,1,3
6064,2,3
6065,3,3
6066,4,3
6067,5,3
6068,6,3
6069,7,7
6070,8,3
6071,9,3
6072,0,3
6073,1,3
6074,2,3
6075,3,3
6076,4,3
6077,5,3
6078,6,3
6079,7,7
6080,8,3
6081,9,3
6082,0,3
6083,1,5
6084,2,3
6085,3,8
6086,4,2
6087,5,3
6088,6,3
6089,7,7
6090,8,3
6091,9,3
6092,1,3
6093,2,3
6094,6,3
6095,5,3
6096,3,3
6097,0,3
6098,7,7
6099,0,3
6100,4,3
6101,1,7
6102,4,3
6103,3,3
6104,6,3
6105,7,3
6106,2,3
6107,3,3
6108,1,3
6109,2,3
6110,1,3
6111,2,3
6112,9,3
6113,6,2
6114,0,3
6115,1,3
6116,3,3
6117,0,3
6118,2,3
6119,7,3
6120,5,3
6121,7,7
6122,6,3
6123,2,3
6124,9,3
6125,1,7
6126,9,3
6127,0,3
6128,6,3
6129,0,2
6130,6,6
6131,0,8
6132,2,3
6133,0,3
6134,6,3
6135,1,7
6136,5,3
6137,8,3
6138,4,7
6139,3,3
6140,0,3
6141,1,7
6142,5,5
6143,4,3
6144,4,2
6145,8,3
6146,5,3
6147,7,7
6148,5,3
6149,7,3
6150,8,3
6151,3,3
6152,4,7
6153,8,3
6154,8,3
6155,5,3
6156,2,2
6157,9,3
6158,7,7
6159,1,7
6160,3,3
6161,8,3
6162,1,5
6163,0,3
6164,7,7
6165,5,3
6166,9,3
6167,6,3
6168,9,3
6169,4,7
6170,7,7
6171,7,3
6172,9,3
6173,9,3
6174,3,3
6175,4,3
6176,4,7
6177,3,3
6178,8,3
6179,6,3
6180,2,3
6181,0,3
6182,1,1
6183,2,3
6184,3,3
6185,4,4
6186,5,3
6187,6,6
6188,7,7
6189,8,3
6190,9,3
6191,0,8
6192,1,1
6193,2,3
6194,3,3
6195,4,7
6196,5,3
6197,6,3
6198,7,7
6199,8,3
6200,9,7
6201,0,3
6202,1,7
6203,2,2
6204,3,3
6205,4,7
6206,5,3
6207,6,5
6208,7,3
6209,8,3
6210,9,3
6211,0,3
6212,8,3
6213,3,3
6214,9,3
6215,5,3
6216,5,3
6217,2,2
6218,6,3
6219,8,3
6220,4,4
6221,9,3
6222,1,1
6223,7,3
6224,1,1
6225,2,3
6226,3,3
6227,5,3
6228,9,7
6229,6,6
6230,9,9
6231,1,1
6232,1,7
6233,1,7
6234,2,2
6235,9,7
6236,5,3
6237,6,3
6238,8,3
6239,1,7
6240,2,3
6241,0,3
6242,7,7
6243,7,2
6244,5,2
6245,8,8
6246,2,3
6247,9,3
6248,8,8
6249,9,8
6250,0,3
6251,4,7
6252,6,3
6253,7,7
6254,1,7
6255,3,3
6256,4,7
6257,5,3
6258,6,3
6259,0,5
6260,3,3
6261,6,8
6262,8,8
6263,7,7
6264,0,8
6265,4,3
6266,2,3
6267,7,3
6268,4,4
6269,7,7
6270,5,3
6271,4,7
6272,3,3
6273,4,2
6274,2,3
6275,8,3
6276,1,1
6277,5,5
6278,1,7
6279,2,2
6280,0,8
6281,2,2
6282,5,3
6283,6,6
6284,4,2
6285,3,3
6286,0,3
6287,0,3
6288,0,3
6289,3,3
6290,3,3
6291,5,3
6292,7,7
6293,0,3
6294,6,3
6295,4,7
6296,8,3
6297,8,3
6298,6,3
6299,3,2
6300,4,3
6301,6,3
6302,9,7
6303,9,3
6304,8,5
6305,2,3
6306,7,7
6307,7,3
6308,1,1
6309,0,3
6310,1,1
6311,2,3
6312,3,3
6313,4,7
6314,5,3
6315,6,7
6316,7,3
6317,8,3
6318,9,3
6319,0,3
6320,1,7
6321,2,3
6322,3,3
6323,4,7
6324,5,3
6325,6,6
6326,7,7
6327,8,8
6328,0,3
6329,1,7
6330,2,3
6331,3,3
6332,4,3
6333,5,3
6334,6,3
6335,7,7
6336,8,3
6337,2,2
6338,1,7
6339,7,7
6340,2,3
6341,5,3
6342,0,3
6343,8,3
6344,0,2
6345,2,3
6346,7,7
6347,8,3
6348,8,3
6349,3,3
6350,6,2
6351,0,2
6352,2,3
6353,7,7
6354,6,6
6355,6,5
6356,1,1
6357,2,3
6358,8,3
6359,8,3
6360,7,3
6361,7,7
6362,4,4
6363,7,7
6364,7,7
6365,3,3
6366,7,7
6367,4,7
6368,5,3
6369,4,7
6370,3,3
6371,3,3
6372,8,3
6373,4,8
6374,1,1
6375,1,7
6376,9,7
6377,7,7
6378,4,7
6379,3,3
6380,7,9
6381,3,3
6382,3,3
6383,0,5
6384,2,2
6385,5,3
6386,5,3
6387,6,3
6388,6,6
6389,3,3
6390,5,3
6391,2,3
6392,5,3
6393,9,3
6394,9,3
6395,8,3
6396,4,7
6397,1,7
6398,0,3
6399,6,5
6400,0,4
6401,9,7
6402,6,5
6403,8,3
6404,8,3
6405,5,3
6406,6,3
6407,1,7
6408,1,7
6409,9,3
6410,8,3
6411,9,7
6412,2,2
6413,3,3
6414,5,3
6415,5,3
6416,9,5
6417,4,4
6418,2,2
6419,1,7
6420,9,7
6421,3,3
6422,9,3
6423,2,3
6424,0,3
6425,6,6
6426,0,3
6427,4,7
6428,0,2
6429,0,0
6430,1,9
6431,2,2
6432,3,3
6433,4,3
6434,7,7
6435,8,3
6436,9,9
6437,0,3
6438,1,7
6439,2,3
6440,3,3
6441,7,7
6442,8,3
6443,9,7
6444,0,3
6445,1,7
6446,2,3
6447,3,3
6448,4,3
6449,7,7
6450,8,3
6451,9,7
6452,7,7
6453,3,3
6454,0,5
6455,3,3
6456,1,7
6457,8,8
6458,7,5
6459,6,3
6460,4,3
6461,0,3
6462,2,2
6463,6,5
6464,8,3
6465,3,3
6466,2,3
6467,8,3
6468,1,1
6469,2,2
6470,0,3
6471,7,3
6472,1,1
6473,0,3
6474,4,7
6475,4,4
6476,5,5
6477,8,3
6478,0,3
6479,6,5
6480,2,2
6481,3,3
6482,1,1
6483,5,3
6484,1,7
6485,8,8
6486,5,5
6487,9,3
6488,4,7
6489,0,3
6490,7,3
6491,5,5
6492,8,8
6493,8,8
6494,3,3
6495,8,2
6496,9,3
6497,2,3
6498,6,3
6499,2,3
6500,5,5
6501,3,3
6502,1,7
6503,7,3
6504,3,3
6505,9,3
6506,1,8
6507,9,3
6508,9,9
6509,6,6
6510,0,3
6511,3,3
6512,9,9
6513,2,3
6514,8,8
6515,1,7
6516,4,7
6517,3,3
6518,5,2
6519,2,3
6520,9,3
6521,2,2
6522,5,8
6523,8,5
6524,9,9
6525,5,3
6526,0,5
6527,1,1
6528,2,3
6529,4,2
6530,5,5
6531,6,6
6532,0,3
6533,1,7
6534,2,3
6535,3,3
6536,4,7
6537,5,2
6538,6,2
6539,7,3
6540,1,7
6541,2,3
6542,3,3
6543,4,5
6544,5,3
6545,1,7
6546,0,3
6547,4,4
6548,5,3
6549,6,2
6550,6,5
6551,3,2
6552,4,2
6553,4,2
6554,2,2
6555,8,3
6556,1,1
6557,0,3
6558,6,2
6559,4,2
6560,9,3
6561,7,1
6562,2,2
6563,3,5
6564,3,2
6565,9,3
6566,2,3
6567,0,3
6568,9,2
6569,3,2
6570,3,2
6571,9,9
6572,1,1
6573,5,3
6574,2,2
6575,3,2
6576,7,1
6577,7,8
6578,8,3
6579,4,5
6580,0,3
6581,2,2
6582,4,4
6583,0,3
6584,2,3
6585,4,4
6586,7,7
6587,8,3
6588,0,3
6589,7,3
6590,0,5
6591,6,5
6592,9,7
6593,3,3
6594,2,2
6595,8,3
6596,6,3
6597,0,3
6598,5,2
6599,7,7
6600,5,2
6601,1,8
6602,0,3
6603,8,3
6604,1,7
6605,6,2
6606,7,7
6607,2,2
6608,9,9
6609,7,7
6610,9,3
6611,5,2
6612,8,3
6613,6,2
6614,2,2
6615,6,2
6616,2,3
6617,8,3
6618,1,1
6619,7,9
6620,5,8
6621,0,2
6622,1,1
6623,1,7
6624,3,2
6625,8,8
6626,4,7
6627,9,2
6628,1,1
6629,8,3
6630,6,5
6631,8,3
6632,9,1
6633,0,3
6634,1,1
6635,2,3
6636,3,3
6637,4,1
6638,5,5
6639,6,6
6640,7,7
6641,8,5
6642,9,9
6643,0,8
6644,1,7
6645,2,3
6646,3,3
6647,4,4
6648,7,9
6649,8,5
6650,9,3
6651,0,4
6652,1,1
6653,7,7
6654,8,8
6655,9,8
6656,9,3
6657,8,5
6658,9,3
6659,8,5
6660,4,9
6661,1,1
6662,7,7
6663,7,7
6664,3,3
6665,3,3
6666,7,7
6667,6,8
6668,6,3
6669,6,8
6670,1,1
6671,9,7
6672,0,3
6673,1,1
6674,7,7
6675,6,3
6676,3,3
6677,2,2
6678,1,1
6679,7,7
6680,1,1
6681,3,2
6682,9,3
6683,1,7
6684,7,3
6685,6,8
6686,8,2
6687,4,4
6688,1,1
6689,4,9
6690,3,3
6691,6,8
6692,9,7
6693,6,2
6694,1,1
6695,4,7
6696,4,1
6697,7,7
6698,2,3
6699,4,3
6700,4,2
6701,0,5
6702,1,1
6703,2,3
6704,3,3
6705,4,3
6706,5,2
6707,6,3
6708,7,3
6709,8,8
6710,9,3
6711,0,3
6712,1,9
6713,2,2
6714,3,3
6715,4,5
6716,5,2
6717,6,2
6718,9,3
6719,0,3
6720,1,1
6721,2,2
6722,3,3
6723,4,2
6724,7,8
6725,8,3
6726,1,7
6727,3,3
6728,5,3
6729,1,1
6730,7,3
6731,7,3
6732,2,2
6733,1,7
6734,4,2
6735,8,8
6736,3,3
6737,4,3
6738,4,3
6739,3,3
6740,9,3
6741,7,3
6742,4,3
6743,1,3
6744,2,3
6745,3,3
6746,5,3
6747,9,8
6748,1,1
6749,6,3
6750,0,3
6751,1,1
6752,0,3
6753,0,3
6754,2,2
6755,8,3
6756,7,3
6757,1,1
6758,1,1
6759,4,2
6760,0,3
6761,4,8
6762,7,3
6763,3,3
6764,6,2
6765,8,8
6766,0,8
6767,3,3
6768,7,3
6769,4,8
6770,0,3
6771,6,2
6772,9,3
6773,2,3
6774,6,2
6775,5,5
6776,8,3
6777,6,3
6778,9,3
6779,0,3
6780,4,3
6781,0,3
6782,6,5
6783,1,8
6784,9,3
6785,2,2
6786,0,3
6787,9,7
6788,5,2
6789,1,7
6790,3,2
6791,7,3
6792,6,3
6793,9,3
6794,3,3
6795,0,8
6796,2,3
6797,2,3
6798,0,3
6799,1,7
6800,2,5
6801,3,3
6802,4,4
6803,5,3
6804,6,3
6805,7,7
6806,8,3
6807,9,7
6808,0,3
6809,1,1
6810,2,2
6811,3,3
6812,4,7
6813,5,3
6814,6,3
6815,7,7
6816,8,3
6817,9,9
6818,0,3
6819,1,4
6820,2,2
6821,3,3
6822,4,4
6823,5,2
6824,6,8
6825,7,7
6826,8,3
6827,9,7
6828,2,3
6829,1,7
6830,7,7
6831,2,2
6832,5,3
6833,0,3
6834,8,3
6835,0,3
6836,2,3
6837,7,7
6838,8,3
6839,8,3
6840,3,3
6841,0,3
6842,6,5
6843,0,3
6844,2,3
6845,7,7
6846,6,6
6847,6,3
6848,1,7
6849,2,3
6850,8,3
6851,8,3
6852,7,7
6853,7,7
6854,4,7
6855,7,7
6856,7,7
6857,3,3
6858,7,7
6859,4,3
6860,5,3
6861,4,7
6862,3,3
6863,3,3
6864,8,3
6865,4,7
6866,5,3
6867,4,7
6868,1,1
6869,1,7
6870,9,7
6871,7,7
6872,4,7
6873,3,3
6874,7,7
6875,3,3
6876,3,3
6877,0,8
6878,2,3
6879,5,3
6880,5,3
6881,6,5
6882,3,3
6883,1,3
6884,5,3
6885,2,3
6886,5,3
6887,9,9
6888,9,3
6889,8,3
6890,4,4
6891,1,7
6892,0,5
6893,6,3
6894,0,3
6895,9,7
6896,6,2
6897,8,3
6898,8,7
6899,5,3
6900,6,3
6901,1,1
6902,1,7
6903,9,7
6904,8,8
6905,9,7
6906,2,2
6907,3,3
6908,5,5
6909,5,2
6910,9,7
6911,4,7
6912,2,5
6913,1,1
6914,9,7
6915,4,3
6916,9,7
6917,1,7
6918,3,3
6919,9,7
6920,2,2
6921,0,3
6922,6,2
6923,0,3
6924,4,7
6925,0,3
6926,6,3
6927,0,5
6928,1,7
6929,2,3
6930,3,3
6931,4,7
6932,5,3
6933,6,5
6934,7,7
6935,8,3
6936,9,9
6937,0,3
6938,1,7
6939,2,3
6940,3,3
6941,4,3
6942,5,3
6943,6,3
6944,7,3
6945,8,8
6946,9,7
6947,0,3
6948,1,7
6949,2,3
6950,3,3
6951,4,7
6952,5,3
6953,6,3
6954,7,3
6955,8,3
6956,9,9
6957,3,3
6958,8,3
6959,0,3
6960,7,7
6961,1,7
6962,0,3
6963,7,7
6964,5,3
6965,5,3
6966,6,2
6967,9,7
6968,0,3
6969,1,7
6970,0,3
6971,0,3
6972,8,3
6973,3,3
6974,4,7
6975,3,3
6976,1,1
6977,5,3
6978,0,3
6979,0,3
6980,9,7
6981,5,3
6982,3,3
6983,4,7
6984,9,7
6985,3,3
6986,7,3
6987,6,3
6988,9,3
6989,2,3
6990,4,3
6991,5,3
6992,7,3
6993,2,8
6994,6,3
6995,4,7
6996,9,7
6997,4,7
6998,9,9
6999,4,7
7000,1,1
7001,2,5
7002,2,3
7003,5,3
7004,8,8
7005,1,1
7006,3,2
7007,2,2
7008,9,3
7009,4,7
7010,3,3
7011,8,3
7012,2,3
7013,2,3
7014,1,1
7015,2,2
7016,8,3
7017,6,7
7018,5,3
7019,1,7
7020,6,3
7021,7,7
7022,2,3
7023,1,7
7024,3,3
7025,9,7
7026,3,3
7027,8,3
7028,7,7
7029,5,3
7030,7,7
7031,0,5
7032,7,7
7033,4,3
7034,8,3
7035,8,3
7036,5,3
7037,0,3
7038,6,2
7039,6,5
7040,3,3
7041,7,3
7042,6,3
7043,9,9
7044,9,3
7045,4,4
7046,8,3
7047,4,3
7048,1,1
7049,0,3
7050,6,3
7051,6,3
7052,0,3
7053,1,7
7054,2,3
7055,3,3
7056,4,7
7057,5,3
7058,6,5
7059,7,3
7060,8,3
7061,9,7
7062,0,3
7063,1,7
7064,2,2
7065,3,3
7066,4,7
7067,5,2
7068,6,3
7069,7,3
7070,8,8
7071,9,3
7072,0,5
7073,1,7
7074,2,3
7075,3,3
7076,4,3
7077,5,5
7078,6,3
7079,7,7
7080,8,3
7081,9,3
7082,7,7
7083,4,7
7084,0,3
7085,4,7
7086,0,3
7087,1,1
7088,7,3
7089,9,3
7090,5,5
7091,1,1
7092,4,7
7093,2,2
7094,8,3
7095,9,7
7096,4,7
7097,3,3
7098,7,3
7099,8,3
7100,2,2
7101,4,3
7102,4,3
7103,3,3
7104,3,3
7105,6,2
7106,9,7
7107,9,3
7108,5,5
7109,8,8
7110,6,8
7111,7,7
7112,0,3
7113,6,5
7114,8,3
7115,2,3
7116,6,5
7117,3,3
7118,9,3
7119,3,3
7120,2,2
7121,8,7
7122,6,3
7123,1,7
7124,7,3
7125,4,3
7126,8,7
7127,8,8
7128,9,3
7129,0,2
7130,3,3
7131,3,3
7132,9,8
7133,0,3
7134,5,3
7135,2,2
7136,9,3
7137,4,3
7138,1,1
7139,0,3
7140,3,3
7141,7,3
7142,5,8
7143,8,8
7144,7,3
7145,7,3
7146,8,3
7147,2,3
7148,9,7
7149,7,3
7150,1,1
7151,2,3
7152,6,3
7153,4,3
7154,2,2
7155,5,2
7156,2,3
7157,3,3
7158,6,5
7159,6,3
7160,5,2
7161,0,3
7162,0,3
7163,2,3
7164,8,3
7165,1,7
7166,6,6
7167,1,7
7168,0,3
7169,4,3
7170,3,3
7171,1,1
7172,6,2
7173,1,1
7174,9,9
7175,0,0
7176,1,1
7177,4,7
7178,5,2
7179,6,2
7180,7,7
7181,8,3
7182,9,7
7183,1,7
7184,2,2
7185,3,5
7186,4,2
7187,5,2
7188,6,5
7189,7,3
7190,0,3
7191,1,1
7192,2,2
7193,3,3
7194,4,3
7195,5,5
7196,6,5
7197,7,3
7198,8,8
7199,9,3
7200,8,3
7201,4,3
7202,0,5
7203,0,3
7204,7,5
7205,2,2
7206,4,3
7207,3,3
7208,8,8
7209,6,5
7210,6,3
7211,3,3
7212,2,2
7213,6,2
7214,3,3
7215,3,3
7216,0,2
7217,1,1
7218,4,7
7219,7,7
7220,8,3
7221,0,5
7222,3,3
7223,1,1
7224,9,3
7225,0,3
7226,1,1
7227,9,5
7228,1,1
7229,2,3
7230,7,3
7231,0,5
7232,1,1
7233,3,3
7234,8,8
7235,2,3
7236,9,3
7237,2,2
7238,7,3
7239,6,5
7240,5,5
7241,5,7
7242,9,9
7243,9,3
7244,8,3
7245,2,2
7246,9,9
7247,1,1
7248,3,3
7249,2,2
7250,3,3
7251,4,3
7252,3,3
7253,1,7
7254,9,3
7255,0,3
7256,9,3
7257,3,3
7258,6,3
7259,8,3
7260,7,9
7261,0,5
7262,1,7
7263,0,8
7264,5,2
7265,8,3
7266,2,3
7267,7,3
7268,7,7
7269,0,8
7270,1,4
7271,2,3
7272,3,3
7273,4,3
7274,5,5
7275,6,7
7276,7,3
7277,8,3
7278,9,7
7279,0,3
7280,1,1
7281,2,3
7282,3,3
7283,4,3
7284,5,3
7285,6,3
7286,7,7
7287,8,3
7288,9,3
7289,0,2
7290,1,1
7291,2,3
7292,3,3
7293,4,7
7294,5,5
7295,6,3
7296,7,7
7297,8,3
7298,9,7
7299,1,7
7300,7,7
7301,4,3
7302,8,3
7303,1,7
7304,5,3
7305,6,3
7306,5,3
7307,7,3
7308,2,3
7309,8,3
7310,6,3
7311,3,3
7312,3,3
7313,8,3
7314,6,3
7315,5,3
7316,4,8
7317,0,3
7318,9,9
7319,1,7
7320,7,7
7321,2,3
7322,9,3
7323,1,1
7324,5,3
7325,1,7
7326,3,3
7327,2,3
7328,2,3
7329,3,3
7330,0,2
7331,6,5
7332,4,3
7333,3,3
7334,7,3
7335,6,3
7336,9,9
7337,0,3
7338,4,3
7339,8,3
7340,1,7
7341,4,7
7342,0,3
7343,6,3
7344,1,7
7345,2,3
7346,6,4
7347,9,3
7348,2,3
7349,2,3
7350,3,3
7351,5,2
7352,5,3
7353,1,7
7354,0,3
7355,7,7
7356,7,3
7357,9,9
7358,6,3
7359,2,3
7360,9,3
7361,4,8
7362,7,3
7363,0,3
7364,2,2
7365,3,3
7366,4,7
7367,0,3
7368,0,3
7369,8,3
7370,8,3
7371,8,3
7372,5,3
7373,1,7
7374,3,3
7375,7,3
7376,4,3
7377,9,3
7378,8,3
7379,8,3
7380,9,7
7381,0,3
7382,9,7
7383,8,3
7384,9,9
7385,0,3
7386,2,3
7387,6,3
7388,5,3
7389,6,3
7390,7,3
7391,4,3
7392,7,3
7393,5,3
7394,4,3
7395,1,7
7396,3,3
7397,5,3
7398,3,3
7399,1,1
7400,2,3
7401,3,3
7402,4,4
7403,5,3
7404,6,5
7405,1,7
7406,2,3
7407,3,3
7408,4,4
7409,6,3
7410,0,3
7411,1,9
7412,2,3
7413,4,4
7414,5,5
7415,6,3
7416,7,3
7417,8,8
7418,1,1
7419,7,7
7420,2,3
7421,4,8
7422,1,1
7423,4,3
7424,1,1
7425,4,9
7426,9,3
7427,6,5
7428,8,8
7429,4,4
7430,5,2
7431,3,3
7432,7,7
7433,8,8
7434,4,5
7435,3,3
7436,3,3
7437,5,8
7438,6,5
7439,7,7
7440,0,3
7441,6,8
7442,1,7
7443,6,8
7444,8,5
7445,7,2
7446,0,2
7447,1,1
7448,5,3
7449,0,3
7450,8,8
7451,5,5
7452,0,3
7453,1,1
7454,5,2
7455,8,3
7456,4,5
7457,2,3
7458,3,3
7459,9,9
7460,7,1
7461,6,5
7462,9,2
7463,1,1
7464,9,3
7465,0,3
7466,6,8
7467,7,3
7468,1,7
7469,2,2
7470,3,3
7471,9,5
7472,2,2
7473,4,8
7474,5,2
7475,5,3
7476,3,3
7477,7,7
7478,5,3
7479,3,3
7480,1,7
7481,8,2
7482,2,3
7483,2,2
7484,3,3
7485,0,3
7486,2,3
7487,9,3
7488,4,4
7489,9,5
7490,7,5
7491,0,8
7492,2,2
7493,7,4
7494,4,4
7495,9,3
7496,9,3
7497,2,2
7498,5,2
7499,9,7
7500,8,3
7501,3,3
7502,8,8
7503,6,5
7504,7,3
7505,0,8
7506,0,3
7507,1,1
7508,2,2
7509,3,3
7510,4,7
7511,5,3
7512,6,3
7513,7,7
7514,8,8
7515,9,3
7516,0,3
7517,1,3
7518,2,2
7519,3,3
7520,4,7
7521,5,2
7522,6,8
7523,7,3
7524,8,3
7525,9,3
7526,0,3
7527,1,7
7528,2,3
7529,3,3
7530,4,3
7531,5,2
7532,6,8
7533,7,3
7534,8,3
7535,9,3
7536,0,8
7537,0,3
7538,7,7
7539,2,3
7540,6,6
7541,5,2
7542,5,3
7543,3,3
7544,7,3
7545,8,5
7546,6,3
7547,6,3
7548,6,5
7549,6,3
7550,4,8
7551,3,3
7552,8,3
7553,8,3
7554,3,3
7555,0,2
7556,1,7
7557,9,3
7558,0,8
7559,5,3
7560,4,3
7561,1,7
7562,9,3
7563,1,7
7564,2,2
7565,7,3
7566,0,3
7567,1,1
7568,3,3
7569,8,3
7570,2,2
7571,9,3
7572,2,3
7573,7,7
7574,4,5
7575,2,2
7576,6,3
7577,5,5
7578,5,8
7579,9,3
7580,9,3
7581,1,1
7582,1,1
7583,5,2
7584,7,7
7585,6,3
7586,8,3
7587,2,3
7588,9,3
7589,4,7
7590,3,3
7591,1,1
7592,9,3
7593,0,3
7594,9,3
7595,3,3
7596,6,6
7597,8,8
7598,7,3
7599,0,3
7600,1,1
7601,0,3
7602,5,3
7603,8,3
7604,2,3
7605,7,7
7606,7,7
7607,0,8
7608,1,7
7609,2,3
7610,3,3
7611,4,4
7612,5,3
7613,6,6
7614,7,7
7615,8,8
7616,9,7
7617,0,5
7618,1,1
7619,2,3
7620,3,3
7621,4,7
7622,5,5
7623,8,3
7624,9,3
7625,0,8
7626,1,1
7627,2,3
7628,3,3
7629,4,4
7630,5,3
7631,6,3
7632,7,7
7633,8,3
7634,9,9
7635,2,3
7636,1,7
7637,2,3
7638,1,1
7639,3,3
7640,9,9
7641,9,3
7642,8,3
7643,5,2
7644,3,3
7645,7,7
7646,0,3
7647,7,9
7648,7,7
7649,5,2
7650,7,7
7651,9,7
7652,9,9
7653,4,7
7654,7,7
7655,0,5
7656,3,3
7657,4,7
7658,1,7
7659,5,3
7660,8,3
7661,1,7
7662,4,4
7663,8,3
7664,4,7
7665,1,1
7666,8,3
7667,6,6
7668,6,2
7669,4,9
7670,6,5
7671,0,3
7672,5,3
7673,5,3
7674,3,3
7675,3,3
7676,5,2
7677,7,7
7678,2,8
7679,5,5
7680,9,9
7681,6,5
7682,9,7
7683,2,3
7684,6,6
7685,2,3
7686,1,7
7687,2,3
7688,0,5
7689,8,3
7690,3,3
7691,8,3
7692,3,3
7693,0,5
7694,8,3
7695,7,7
7696,4,3
7697,9,7
7698,5,2
7699,0,2
7700,9,3
7701,7,3
7702,0,3
7703,0,8
7704,4,7
7705,6,5
7706,0,5
7707,9,9
7708,1,1
7709,6,6
7710,2,3
7711,7,5
7712,6,3
7713,8,3
7714,3,3
7715,5,3
7716,2,3
7717,1,7
7718,8,3
7719,3,3
7720,8,2
7721,6,3
7722,1,1
7723,0,5
7724,2,3
7725,1,1
7726,4,9
7727,0,3
7728,1,7
7729,2,3
7730,3,3
7731,4,3
7732,5,3
7733,6,3
7734,7,7
7735,8,3
7736,9,3
7737,0,3
7738,1,7
7739,2,2
7740,3,3
7741,4,3
7742,5,3
7743,6,6
7744,7,3
7745,8,8
7746,9,3
7747,0,3
7748,1,3
7749,2,3
7750,3,3
7751,4,4
7752,5,3
7753,6,3
7754,7,3
7755,8,3
7756,9,3
7757,7,7
7758,6,3
7759,4,3
7760,7,7
7761,6,3
7762,2,8
7763,3,3
7764,4,3
7765,8,8
7766,7,7
7767,8,3
7768,6,3
7769,9,3
7770,8,8
7771,3,3
7772,2,2
7773,2,3
7774,8,3
7775,4,3
7776,8,3
7777,5,3
7778,6,3
7779,5,3
7780,0,3
7781,2,3
7782,0,5
7783,1,7
7784,1,1
7785,2,3
7786,9,3
7787,6,2
7788,8,3
7789,2,3
7790,1,3
7791,0,3
7792,6,3
7793,5,3
7794,2,3
7795,9,9
7796,7,9
7797,5,3
7798,3,3
7799,9,7
7800,3,3
7801,7,3
7802,1,7
7803,8,3
7804,3,3
7805,8,3
7806,1,7
7807,9,3
7808,5,2
7809,5,3
7810,0,3
7811,1,7
7812,1,7
7813,9,3
7814,8,3
7815,2,2
7816,6,3
7817,0,3
7818,4,2
7819,5,3
7820,0,3
7821,3,3
7822,1,7
7823,8,3
7824,6,3
7825,7,3
7826,5,5
7827,9,3
7828,9,7
7829,3,3
7830,0,3
7831,3,3
7832,1,3
7833,4,7
7834,4,7
7835,0,3
7836,4,2
7837,9,3
7838,0,3
7839,1,3
7840,2,3
7841,3,3
7842,5,8
7843,6,3
7844,7,8
7845,8,7
7846,0,3
7847,1,3
7848,2,3
7849,3,3
7850,5,3
7851,6,3
7852,7,3
7853,8,7
7854,9,3
7855,0,3
7856,1,3
7857,2,3
7858,3,3
7859,5,3
7860,6,3
7861,7,3
7862,8,3
7863,9,3
7864,9,3
7865,7,3
7866,0,3
7867,9,3
7868,0,3
7869,1,7
7870,5,3
7871,8,3
7872,8,3
7873,0,3
7874,9,3
7875,3,3
7876,2,3
7877,7,3
7878,8,8
7879,4,3
7880,6,6
7881,1,5
7882,0,3
7883,4,7
7884,9,3
7885,4,4
7886,2,3
7887,0,3
7888,5,3
7889,0,3
7890,1,1
7891,6,3
7892,9,3
7893,3,3
7894,2,3
7895,9,3
7896,1,7
7897,6,3
7898,0,3
7899,1,3
7900,1,9
7901,8,3
7902,7,8
7903,7,3
7904,6,3
7905,3,3
7906,6,3
7907,0,3
7908,7,3
7909,2,3
7910,4,8
7911,1,3
7912,7,3
7913,0,3
7914,6,3
7915,7,8
7916,1,3
7917,2,8
7918,5,2
7919,8,3
7920,1,7
7921,8,3
7922,2,3
7923,8,3
7924,7,3
7925,6,3
7926,8,8
7927,7,7
7928,1,3
7929,6,3
7930,2,3
7931,9,7
7932,3,3
7933,0,3
7934,1,7
7935,2,2
7936,3,3
7937,4,3
7938,5,3
7939,6,3
7940,7,3
7941,8,7
7942,9,7
7943,0,5
7944,1,1
7945,2,3
7946,3,3
7947,4,7
7948,5,3
7949,6,3
7950,7,3
7951,8,9
7952,9,7
7953,0,3
7954,1,7
7955,2,3
7956,3,3
7957,4,8
7958,5,3
7959,6,3
7960,7,7
7961,8,3
7962,9,7
7963,8,8
7964,9,7
7965,5,3
7966,7,3
7967,0,3
7968,3,3
7969,1,9
7970,6,3
7971,8,3
7972,4,7
7973,1,7
7974,5,3
7975,6,3
7976,4,7
7977,2,3
7978,7,3
7979,8,3
7980,1,7
7981,3,3
7982,4,7
7983,3,3
7984,4,3
7985,7,3
7986,2,3
7987,0,3
7988,5,3
7989,0,3
7990,1,7
7991,9,3
7992,2,2
7993,3,3
7994,2,2
7995,3,3
7996,5,5
7997,5,3
7998,7,7
7999,8,3
8000,4,3
8001,9,3
8002,9,7
8003,7,3
8004,1,2
8005,1,7
8006,9,3
8007,0,3
8008,7,3
8009,8,3
8010,3,3
8011,4,3
8012,8,8
8013,6,3
8014,3,3
8015,8,8
8016,0,3
8017,9,3
8018,6,2
8019,2,3
8020,1,4
8021,0,3
8022,1,7
8023,0,3
8024,6,3
8025,2,2
8026,3,3
8027,8,3
8028,9,7
8029,0,8
8030,7,3
8031,2,2
8032,3,3
8033,4,7
8034,5,3
8035,5,3
8036,2,3
8037,8,2
8038,5,3
8039,4,3
8040,6,3
8041,6,3
8042,6,3
8043,7,2
8044,9,3
8045,1,7
8046,8,3
8047,2,3
8048,1,7
8049,5,3
8050,3,3
8051,4,3
8052,7,3
8053,9,9
8054,4,4
8055,0,2
8056,0,3
8057,0,3
8058,1,7
8059,2,3
8060,3,3
8061,4,3
8062,5,3
8063,6,3
8064,7,3
8065,8,3
8066,9,3
8067,0,8
8068,1,7
8069,2,3
8070,3,3
8071,4,3
8072,5,3
8073,6,3
8074,7,7
8075,8,8
8076,9,7
8077,0,3
8078,1,7
8079,2,3
8080,3,3
8081,4,2
8082,5,3
8083,6,3
8084,9,7
8085,0,3
8086,1,7
8087,3,3
8088,1,7
8089,5,3
8090,1,1
8091,2,3
8092,4,2
8093,9,7
8094,2,3
8095,4,3
8096,6,2
8097,8,3
8098,0,3
8099,1,4
8100,1,7
8101,9,3
8102,2,3
8103,6,3
8104,6,2
8105,8,3
8106,7,3
8107,4,3
8108,2,2
8109,9,7
8110,7,3
8111,0,3
8112,2,4
8113,1,7
8114,0,3
8115,3,3
8116,6,3
8117,0,8
8118,1,1
8119,2,2
8120,3,3
8121,4,4
8122,5,5
8123,6,3
8124,7,3
8125,8,3
8126,9,9
8127,0,3
8128,1,3
8129,2,2
8130,3,3
8131,4,3
8132,5,2
8133,6,3
8134,7,7
8135,8,3
8136,9,7
8137,0,3
8138,1,7
8139,2,2
8140,3,3
8141,4,3
8142,5,5
8143,6,3
8144,7,7
8145,8,3
8146,9,7
8147,8,3
8148,6,5
8149,5,3
8150,9,9
8151,7,3
8152,0,8
8153,2,2
8154,3,3
8155,4,8
8156,3,3
8157,8,2
8158,5,3
8159,1,1
8160,5,3
8161,2,2
8162,3,3
8163,0,5
8164,1,1
8165,2,2
8166,1,7
8167,3,3
8168,2,2
8169,6,3
8170,5,5
8171,3,3
8172,0,5
8173,7,7
8174,2,3
8175,7,7
8176,4,2
8177,6,3
8178,4,3
8179,0,0
8180,5,3
8181,9,3
8182,9,3
8183,8,3
8184,9,3
8185,5,3
8186,3,3
8187,1,7
8188,7,7
8189,4,4
8190,7,7
8191,6,3
8192,5,2
8193,4,4
8194,0,4
8195,0,5
8196,6,3
8197,6,3
8198,2,2
8199,0,3
8200,6,3
8201,3,3
8202,7,7
8203,7,7
8204,4,8
8205,4,7
8206,3,3
8207,9,9
8208,2,3
8209,8,3
8210,9,7
8211,6,3
8212,0,3
8213,9,3
8214,5,2
8215,3,3
8216,8,3
8217,8,3
8218,7,7
8219,1,7
8220,4,4
8221,0,5
8222,4,7
8223,8,3
8224,5,3
8225,2,2
8226,3,3
8227,9,3
8228,0,3
8229,1,1
8230,9,5
8231,1,7
8232,5,5
8233,1,1
8234,7,7
8235,4,4
8236,8,8
8237,6,5
8238,2,2
8239,1,7
8240,6,5
8241,8,8
8242,8,2
8243,0,2
8244,1,3
8245,2,2
8246,3,3
8247,4,5
8248,7,3
8249,8,3
8250,9,3
8251,0,3
8252,1,1
8253,2,2
8254,3,3
8255,4,6
8256,6,2
8257,7,3
8258,8,2
8259,9,3
8260,0,2
8261,1,1
8262,2,2
8263,3,3
8264,4,3
8265,7,2
8266,8,3
8267,9,3
8268,1,9
8269,4,7
8270,5,5
8271,3,3
8272,3,3
8273,0,3
8274,9,7
8275,5,5
8276,4,8
8277,3,3
8278,0,3
8279,8,2
8280,4,7
8281,6,3
8282,7,3
8283,0,3
8284,7,3
8285,7,9
8286,1,7
8287,6,3
8288,9,3
8289,1,1
8290,3,3
8291,6,5
8292,2,3
8293,3,3
8294,8,8
8295,2,3
8296,3,3
8297,8,3
8298,9,7
8299,5,5
8300,8,8
8301,8,3
8302,7,3
8303,1,5
8304,7,3
8305,1,7
8306,1,9
8307,0,5
8308,3,3
8309,4,3
8310,2,2
8311,6,3
8312,4,5
8313,7,3
8314,4,3
8315,2,2
8316,7,2
8317,4,8
8318,2,3
8319,9,5
8320,2,2
8321,7,3
8322,9,3
8323,2,3
8324,1,1
8325,0,5
8326,6,3
8327,5,5
8328,3,3
8329,4,3
8330,8,3
8331,5,8
8332,9,7
8333,6,2
8334,9,7
8335,0,3
8336,6,5
8337,3,3
8338,0,8
8339,8,2
8340,1,7
8341,6,2
8342,0,2
8343,0,3
8344,1,7
8345,2,3
8346,3,3
8347,4,7
8348,5,3
8349,6,3
8350,7,3
8351,0,3
8352,1,7
8353,2,2
8354,3,3
8355,4,3
8356,7,3
8357,8,8
8358,9,7
8359,0,3
8360,1,7
8361,2,2
8362,3,3
8363,4,7
8364,7,3
8365,2,3
8366,5,3
8367,1,1
8368,6,6
8369,4,4
8370,3,3
8371,9,3
8372,9,3
8373,0,3
8374,9,3
8375,7,3
8376,1,1
8377,6,3
8378,4,3
8379,3,3
8380,6,3
8381,2,2
8382,0,3
8383,9,3
8384,8,8
8385,6,3
8386,5,2
8387,7,3
8388,0,3
8389,0,3
8390,1,1
8391,7,9
8392,4,3
8393,3,3
8394,2,2
8395,4,7
8396,1,7
8397,3,3
8398,7,7
8399,6,3
8400,4,4
8401,7,7
8402,7,7
8403,7,3
8404,9,7
8405,8,5
8406,4,7
8407,3,3
8408,8,8
8409,2,3
8410,8,3
8411,3,3
8412,5,2
8413,8,8
8414,0,3
8415,5,2
8416,4,4
8417,7,2
8418,1,3
8419,3,3
8420,1,7
8421,7,7
8422,9,3
8423,6,3
8424,2,3
8425,0,3
8426,9,3
8427,1,1
8428,7,3
8429,3,3
8430,3,3
8431,9,3
8432,1,1
8433,6,1
8434,4,2
8435,3,2
8436,9,3
8437,8,2
8438,2,2
8439,1,4
8440,8,8
8441,6,4
8442,4,7
8443,1,7
8444,5,5
8445,5,2
8446,6,6
8447,5,3
8448,0,2
8449,1,1
8450,2,3
8451,3,3
8452,4,7
8453,5,5
8454,6,3
8455,7,7
8456,8,5
8457,9,3
8458,0,3
8459,1,3
8460,2,3
8461,3,3
8462,4,7
8463,5,3
8464,6,3
8465,7,7
8466,8,3
8467,9,3
8468,0,2
8469,1,3
8470,2,3
8471,3,3
8472,4,3
8473,5,3
8474,6,3
8475,7,3
8476,8,3
8477,9,3
8478,6,3
8479,9,7
8480,7,7
8481,0,3
8482,2,3
8483,3,3
8484,4,7
8485,3,3
8486,8,3
8487,5,3
8488,1,7
8489,3,3
8490,0,3
8491,1,3
8492,2,2
8493,1,3
8494,3,3
8495,2,2
8496,0,5
8497,7,7
8498,2,3
8499,6,3
8500,4,7
8501,0,3
8502,5,3
8503,9,9
8504,9,7
8505,8,3
8506,9,7
8507,5,8
8508,3,3
8509,1,7
8510,7,7
8511,4,7
8512,7,7
8513,0,3
8514,0,5
8515,6,3
8516,6,3
8517,6,3
8518,3,2
8519,7,7
8520,4,7
8521,2,7
8522,8,3
8523,9,3
8524,8,3
8525,7,3
8526,1,7
8527,4,3
8528,0,3
8529,4,3
8530,8,3
8531,5,3
8532,2,3
8533,3,3
8534,9,9
8535,0,3
8536,1,7
8537,9,3
8538,1,3
8539,5,3
8540,1,7
8541,7,7
8542,6,3
8543,1,7
8544,2,3
8545,1,7
8546,6,3
8547,8,3
8548,0,5
8549,1,7
8550,2,2
8551,3,3
8552,4,2
8553,5,3
8554,6,6
8555,7,7
8556,8,3
8557,9,7
8558,0,3
8559,1,7
8560,2,3
8561,3,3
8562,4,7
8563,5,3
8564,6,3
8565,7,7
8566,8,3
8567,0,2
8568,1,7
8569,2,2
8570,3,3
8571,5,3
8572,6,5
8573,7,7
8574,8,8
8575,1,7
8576,0,3
8577,4,7
8578,5,3
8579,6,6
8580,6,3
8581,3,3
8582,4,7
8583,4,4
8584,2,2
8585,8,3
8586,1,7
8587,0,5
8588,6,6
8589,4,7
8590,9,9
8591,7,7
8592,2,3
8593,9,7
8594,2,3
8595,0,5
8596,9,3
8597,3,3
8598,3,3
8599,9,7
8600,1,1
8601,5,5
8602,2,3
8603,3,3
8604,1,7
8605,6,3
8606,7,7
8607,3,3
8608,7,7
8609,8,8
8610,4,7
8611,0,5
8612,2,2
8613,4,7
8614,0,3
8615,2,3
8616,4,7
8617,7,7
8618,8,3
8619,0,0
8620,7,7
8621,0,5
8622,6,6
8623,9,7
8624,3,3
8625,2,2
8626,4,7
8627,8,3
8628,6,3
8629,0,8
8630,5,5
8631,7,7
8632,5,2
8633,1,7
8634,0,5
8635,8,3
8636,1,7
8637,6,6
8638,7,7
8639,2,3
8640,9,9
8641,7,7
8642,9,9
8643,5,3
8644,6,3
8645,5,2
8646,2,2
8647,6,6
8648,2,2
8649,8,3
8650,1,1
8651,7,4
8652,5,5
8653,5,2
8654,7,4
8655,3,3
8656,5,2
8657,0,5
8658,1,7
8659,1,7
8660,3,3
8661,8,3
8662,4,2
8663,9,3
8664,4,2
8665,5,3
8666,1,7
8667,8,3
8668,6,2
8669,8,3
8670,9,7
8671,0,2
8672,1,7
8673,2,3
8674,3,3
8675,4,2
8676,5,3
8677,6,3
8678,7,3
8679,8,3
8680,9,3
8681,0,3
8682,1,1
8683,2,3
8684,3,3
8685,4,3
8686,5,3
8687,6,5
8688,7,3
8689,8,3
8690,9,3
8691,0,3
8692,1,1
8693,2,3
8694,3,3
8695,4,3
8696,5,3
8697,6,5
8698,7,3
8699,8,8
8700,9,7
8701,3,3
8702,5,3
8703,3,3
8704,2,3
8705,9,7
8706,3,3
8707,2,3
8708,1,7
8709,4,7
8710,5,3
8711,5,3
8712,2,2
8713,3,3
8714,2,3
8715,1,7
8716,3,3
8717,9,3
8718,7,3
8719,2,2
8720,1,1
8721,2,2
8722,8,3
8723,9,9
8724,1,1
8725,8,3
8726,8,3
8727,7,7
8728,8,8
8729,1,1
8730,0,3
8731,0,3
8732,6,6
8733,7,7
8734,7,7
8735,8,3
8736,7,7
8737,5,3
8738,0,8
8739,6,3
8740,1,7
8741,5,3
8742,7,3
8743,4,3
8744,6,3
8745,1,1
8746,2,3
8747,5,3
8748,0,5
8749,7,7
8750,9,9
8751,9,3
8752,0,3
8753,3,3
8754,4,7
8755,4,3
8756,8,3
8757,4,3
8758,1,7
8759,8,3
8760,6,8
8761,5,3
8762,9,3
8763,0,3
8764,0,2
8765,0,5
8766,3,3
8767,7,3
8768,1,7
8769,6,6
8770,4,4
8771,6,2
8772,0,3
8773,4,7
8774,5,3
8775,4,3
8776,1,7
8777,3,3
8778,8,3
8779,6,3
8780,3,3
8781,9,3
8782,9,7
8783,5,5
8784,9,7
8785,3,3
8786,7,3
8787,8,3
8788,5,3
8789,6,5
8790,4,3
8791,7,3
8792,6,3
8793,2,3
8794,2,2
8795,0,3
8796,9,9
8797,4,4
8798,0,3
8799,1,1
8800,2,3
8801,3,3
8802,4,2
8803,5,2
8804,6,3
8805,7,7
8806,8,7
8807,9,7
8808,0,3
8809,1,1
8810,2,2
8811,3,3
8812,4,4
8813,5,2
8814,6,3
8815,7,7
8816,8,3
8817,9,9
8818,0,3
8819,1,1
8820,2,2
8821,3,3
8822,4,4
8823,5,5
8824,6,3
8825,7,7
8826,8,3
8827,9,7
8828,6,3
8829,4,7
8830,2,2
8831,6,8
8832,4,4
8833,7,3
8834,5,5
8835,5,3
8836,4,4
8837,7,7
8838,2,2
8839,9,9
8840,3,3
8841,9,3
8842,3,3
8843,8,5
8844,2,2
8845,0,3
8846,9,7
8847,5,8
8848,6,3
8849,0,3
8850,1,7
8851,0,5
8852,6,3
8853,5,5
8854,3,3
8855,5,3
8856,3,3
8857,8,3
8858,0,3
8859,0,3
8860,3,3
8861,4,7
8862,1,1
8863,5,3
8864,3,3
8865,0,5
8866,8,7
8867,3,3
8868,0,5
8869,6,3
8870,2,2
8871,7,3
8872,8,2
8873,1,1
8874,7,7
8875,1,7
8876,3,3
8877,8,8
8878,5,2
8879,4,7
8880,2,2
8881,0,3
8882,9,9
8883,7,7
8884,6,5
8885,7,3
8886,4,8
8887,1,7
8888,6,3
8889,2,3
8890,6,6
8891,7,3
8892,1,1
8893,9,3
8894,8,8
8895,0,3
8896,6,6
8897,9,3
8898,4,7
8899,9,9
8900,9,9
8901,6,3
8902,2,3
8903,3,3
8904,7,7
8905,1,1
8906,9,3
8907,2,3
8908,2,8
8909,5,3
8910,3,3
8911,7,7
8912,8,3
8913,0,5
8914,1,1
8915,2,3
8916,3,3
8917,4,3
8918,7,7
8919,8,3
8920,9,3
8921,0,3
8922,1,1
8923,2,3
8924,3,3
8925,4,4
8926,7,3
8927,8,8
8928,9,3
8929,0,3
8930,1,5
8931,7,3
8932,8,3
8933,9,3
8934,8,3
8935,9,3
8936,2,3
8937,6,5
8938,1,1
8939,3,3
8940,5,5
8941,4,9
8942,8,3
8943,2,2
8944,6,5
8945,4,4
8946,3,3
8947,4,2
8948,5,2
8949,9,5
8950,2,2
8951,0,3
8952,3,3
8953,9,3
8954,4,5
8955,9,3
8956,7,3
8957,3,3
8958,8,2
8959,7,3
8960,4,8
8961,4,8
8962,9,9
8963,8,3
8964,5,5
8965,8,3
8966,2,2
8967,6,8
8968,6,5
8969,2,3
8970,3,3
8971,1,7
8972,3,3
8973,2,3
8974,7,3
8975,3,3
8976,1,1
8977,9,9
8978,0,3
8979,1,1
8980,1,1
8981,3,3
8982,5,2
8983,0,3
8984,7,2
8985,8,3
8986,1,1
8987,5,3
8988,1,7
8989,4,4
8990,6,3
8991,0,5
8992,0,3
8993,4,4
8994,9,9
8995,1,1
8996,6,3
8997,6,5
8998,9,3
8999,0,3
9000,7,7
9001,6,3
9002,1,1
9003,1,1
9004,0,3
9005,1,7
9006,2,3
9007,3,3
9008,4,4
9009,7,2
9010,2,3
9011,3,3
9012,4,5
9013,5,2
9014,6,3
9015,7,7
9016,0,3
9017,1,5
9018,2,2
9019,7,3
9020,8,8
9021,6,5
9022,3,3
9023,9,5
9024,7,3
9025,1,8
9026,9,5
9027,3,3
9028,9,3
9029,6,3
9030,1,1
9031,7,7
9032,2,3
9033,4,7
9034,4,7
9035,5,5
9036,7,3
9037,0,3
9038,0,3
9039,1,7
9040,6,5
9041,6,3
9042,8,3
9043,2,2
9044,7,7
9045,7,7
9046,2,3
9047,4,2
9048,2,3
9049,1,1
9050,6,5
9051,1,7
9052,0,3
9053,6,3
9054,9,7
9055,8,8
9056,3,3
9057,9,3
9058,6,3
9059,3,3
9060,0,5
9061,1,3
9062,2,3
9063,3,3
9064,4,4
9065,5,3
9066,6,3
9067,7,7
9068,8,3
9069,9,3
9070,0,3
9071,1,7
9072,2,3
9073,3,3
9074,4,7
9075,5,3
9076,6,3
9077,7,7
9078,8,3
9079,9,3
9080,0,3
9081,1,3
9082,2,3
9083,3,3
9084,4,3
9085,5,3
9086,6,3
9087,7,7
9088,8,3
9089,9,7
9090,1,7
9091,6,3
9092,8,3
9093,9,7
9094,9,7
9095,0,5
9096,1,7
9097,2,3
9098,4,7
9099,4,4
9100,3,3
9101,7,7
9102,4,3
9103,4,3
9104,4,7
9105,0,2
9106,3,3
9107,8,3
9108,7,7
9109,5,3
9110,8,2
9111,2,3
9112,1,7
9113,7,7
9114,5,3
9115,3,3
9116,8,3
9117,5,5
9118,2,3
9119,5,3
9120,1,7
9121,1,1
9122,6,3
9123,2,2
9124,1,7
9125,3,3
9126,8,3
9127,6,3
9128,4,7
9129,2,2
9130,6,3
9131,2,3
9132,5,3
9133,5,3
9134,0,3
9135,2,3
9136,8,3
9137,0,2
9138,6,3
9139,8,3
9140,1,1
9141,7,7
9142,9,7
9143,1,7
9144,9,7
9145,2,3
9146,6,5
9147,7,7
9148,6,3
9149,6,3
9150,8,3
9151,7,7
9152,4,4
9153,9,3
9154,2,3
9155,1,3
9156,3,3
9157,3,3
9158,0,3
9159,5,3
9160,5,5
9161,8,8
9162,0,3
9163,3,3
9164,7,7
9165,9,9
9166,7,3
9167,0,5
9168,2,3
9169,7,7
9170,9,3
9171,1,7
9172,7,7
9173,8,3
9174,0,2
9175,3,3
9176,5,3
9177,3,3
9178,6,5
9179,0,0
9180,1,7
9181,2,3
9182,3,3
9183,4,8
9184,5,5
9185,6,5
9186,7,3
9187,8,3
9188,9,3
9189,0,3
9190,1,1
9191,2,2
9192,3,3
9193,4,3
9194,5,5
9195,6,3
9196,7,3
9197,8,3
9198,9,3
9199,0,3
9200,1,7
9201,2,2
9202,3,3
9203,4,8
9204,7,3
9205,8,3
9206,9,3
9207,6,3
9208,4,3
9209,2,5
9210,6,3
9211,4,3
9212,7,3
9213,8,8
9214,9,3
9215,2,3
9216,9,3
9217,3,3
9218,9,3
9219,3,3
9220,0,3
9221,0,3
9222,1,1
9223,0,3
9224,4,7
9225,2,3
9226,6,3
9227,3,3
9228,5,5
9229,3,3
9230,0,5
9231,3,3
9232,4,7
9233,1,7
9234,5,5
9235,3,3
9236,0,3
9237,8,3
9238,3,3
9239,0,3
9240,6,3
9241,1,7
9242,7,3
9243,8,8
9244,0,3
9245,9,3
9246,2,2
9247,6,3
9248,7,3
9249,1,1
9250,9,3
9251,6,3
9252,9,3
9253,4,3
9254,9,3
9255,9,3
9256,6,3
9257,7,7
9258,1,1
9259,2,3
9260,5,3
9261,3,3
9262,7,7
9263,8,8
9264,0,0
9265,1,1
9266,2,2
9267,4,4
9268,5,2
9269,6,2
9270,7,7
9271,8,3
9272,9,7
9273,0,2
9274,1,3
9275,3,2
9276,4,4
9277,5,2
9278,6,3
9279,7,7
9280,8,3
9281,0,2
9282,1,1
9283,3,5
9284,4,4
9285,7,7
9286,8,3
9287,9,7
9288,7,7
9289,5,3
9290,5,5
9291,1,7
9292,9,3
9293,9,7
9294,7,7
9295,1,1
9296,0,3
9297,0,3
9298,5,5
9299,9,7
9300,7,7
9301,1,1
9302,7,7
9303,2,3
9304,2,3
9305,3,3
9306,6,5
9307,8,3
9308,3,2
9309,2,3
9310,0,0
9311,0,0
9312,6,5
9313,1,7
9314,7,7
9315,5,2
9316,8,3
9317,6,5
9318,2,2
9319,9,7
9320,4,3
9321,8,3
9322,8,3
9323,7,7
9324,1,1
9325,0,5
9326,8,3
9327,7,7
9328,7,7
9329,5,3
9330,8,3
9331,5,3
9332,3,3
9333,4,7
9334,6,3
9335,1,7
9336,1,7
9337,5,3
9338,5,5
9339,0,5
9340,7,7
9341,2,2
9342,3,3
9343,6,3
9344,4,4
9345,1,7
9346,2,3
9347,4,7
9348,1,7
9349,5,3
9350,4,5
9351,2,3
9352,0,5
9353,4,7
9354,8,3
9355,6,3
9356,1,1
9357,9,7
9358,0,0
9359,2,3
9360,5,5
9361,6,2
9362,9,9
9363,3,3
9364,6,3
9365,3,3
9366,6,2
9367,0,0
9368,1,7
9369,2,2
9370,3,2
9371,4,7
9372,5,3
9373,6,3
9374,7,7
9375,8,3
9376,9,7
9377,0,2
9378,1,8
9379,2,3
9380,3,3
9381,4,7
9382,5,3
9383,6,3
9384,7,7
9385,8,3
9386,9,7
9387,0,5
9388,1,7
9389,2,3
9390,3,3
9391,5,3
9392,6,5
9393,7,3
9394,8,3
9395,1,7
9396,0,2
9397,9,9
9398,5,3
9399,7,7
9400,5,3
9401,1,1
9402,8,8
9403,6,5
9404,9,7
9405,0,3
9406,4,2
9407,1,1
9408,9,9
9409,3,3
9410,8,3
9411,4,3
9412,4,3
9413,7,7
9414,0,3
9415,1,7
9416,9,9
9417,2,3
9418,8,3
9419,7,7
9420,8,3
9421,2,2
9422,5,3
9423,9,3
9424,6,5
9425,0,3
9426,6,6
9427,5,2
9428,5,3
9429,3,3
9430,3,3
9431,3,3
9432,9,9
9433,8,3
9434,1,7
9435,1,7
9436,0,2
9437,6,5
9438,1,7
9439,0,5
9440,0,3
9441,6,3
9442,2,2
9443,1,7
9444,1,3
9445,3,3
9446,2,5
9447,7,7
9448,7,7
9449,8,3
9450,8,3
9451,7,7
9452,8,3
9453,4,7
9454,6,3
9455,0,3
9456,2,2
9457,0,5
9458,7,7
9459,0,8
9460,3,3
9461,6,3
9462,8,8
9463,7,9
9464,1,7
9465,5,3
9466,9,3
9467,9,7
9468,3,3
9469,7,7
9470,2,3
9471,4,4
9472,9,3
9473,4,4
9474,3,3
9475,6,3
9476,2,3
9477,2,3
9478,5,3
9479,3,3
9480,2,2
9481,5,3
9482,5,3
9483,9,3
9484,4,7
9485,1,1
9486,7,7
9487,2,3
9488,0,3
9489,1,7
9490,2,3
9491,3,3
9492,4,7
9493,5,3
9494,6,5
9495,7,7
9496,8,3
9497,9,7
9498,0,3
9499,1,7
9500,2,2
9501,3,3
9502,4,7
9503,5,3
9504,6,3
9505,7,3
9506,8,3
9507,9,9
9508,0,3
9509,1,7
9510,2,2
9511,3,3
9512,4,7
9513,5,5
9514,6,3
9515,7,7
9516,8,3
9517,9,7
9518,1,7
9519,0,8
9520,1,7
9521,2,3
9522,7,7
9523,5,2
9524,3,3
9525,4,7
9526,4,2
9527,0,5
9528,0,3
9529,6,3
9530,9,3
9531,6,5
9532,6,3
9533,5,8
9534,7,3
9535,2,3
9536,3,3
9537,4,3
9538,4,7
9539,9,3
9540,1,1
9541,4,7
9542,0,3
9543,7,7
9544,9,7
9545,5,3
9546,7,3
9547,2,2
9548,3,3
9549,1,1
9550,4,7
9551,4,7
9552,0,7
9553,9,7
9554,9,7
9555,6,5
9556,1,7
9557,8,8
9558,3,3
9559,3,3
9560,7,7
9561,3,5
9562,9,3
9563,8,2
9564,8,3
9565,4,7
9566,7,3
9567,7,3
9568,6,3
9569,2,3
9570,1,7
9571,9,3
9572,8,3
9573,7,7
9574,8,3
9575,8,3
9576,7,7
9577,2,7
9578,2,3
9579,3,3
9580,9,7
9581,3,3
9582,3,3
9583,5,3
9584,5,3
9585,0,3
9586,7,7
9587,9,3
9588,5,3
9589,6,2
9590,5,3
9591,1,7
9592,4,4
9593,1,7
9594,1,3
9595,2,2
9596,8,3
9597,2,2
9598,6,3
9599,1,7
9600,5,5
9601,0,3
9602,1,1
9603,2,2
9604,3,3
9605,4,1
9606,5,2
9607,6,3
9608,7,3
9609,8,3
9610,9,3
9611,0,3
9612,1,1
9613,2,3
9614,3,3
9615,4,3
9616,5,8
9617,6,3
9618,7,3
9619,8,3
9620,9,7
9621,0,5
9622,1,1
9623,2,2
9624,3,3
9625,4,7
9626,5,5
9627,6,3
9628,7,7
9629,8,2
9630,8,3
9631,0,5
9632,6,3
9633,0,3
9634,0,2
9635,2,2
9636,3,2
9637,7,3
9638,9,3
9639,4,8
9640,7,7
9641,1,7
9642,9,7
9643,1,1
9644,7,3
9645,1,1
9646,4,1
9647,0,3
9648,0,5
9649,1,5
9650,7,3
9651,5,5
9652,7,3
9653,1,7
9654,3,2
9655,3,2
9656,3,3
9657,1,1
9658,6,3
9659,9,3
9660,7,3
9661,1,7
9662,3,3
9663,0,3
9664,2,5
9665,6,1
9666,0,8
9667,8,8
9668,9,3
9669,4,3
9670,3,3
9671,5,2
9672,4,2
9673,8,3
9674,1,7
9675,5,2
9676,9,5
9677,0,3
9678,6,3
9679,6,2
9680,3,3
9681,8,3
9682,1,7
9683,4,7
9684,7,3
9685,5,3
9686,2,2
9687,0,3
9688,0,3
9689,1,7
9690,7,7
9691,8,2
9692,9,1
9693,6,2
9694,8,3
9695,8,5
9696,2,3
9697,3,3
9698,6,4
9699,1,1
9700,2,7
9701,9,9
9702,5,3
9703,2,2
9704,0,2
9705,1,7
9706,2,3
9707,3,3
9708,4,3
9709,5,2
9710,6,3
9711,7,7
9712,8,8
9713,9,4
9714,0,3
9715,1,1
9716,2,3
9717,3,3
9718,4,3
9719,5,3
9720,6,3
9721,7,3
9722,8,3
9723,9,8
9724,0,3
9725,1,1
9726,2,3
9727,3,3
9728,4,3
9729,5,5
9730,6,5
9731,7,3
9732,8,3
9733,9,3
9734,7,3
9735,4,7
9736,6,8
9737,1,1
9738,4,7
9739,0,5
9740,9,8
9741,9,3
9742,3,3
9743,7,7
9744,8,3
9745,4,8
9746,7,3
9747,5,5
9748,8,5
9749,5,3
9750,3,3
9751,2,3
9752,2,3
9753,0,3
9754,5,8
9755,8,3
9756,6,3
9757,0,3
9758,3,3
9759,8,3
9760,1,1
9761,0,3
9762,3,3
9763,0,8
9764,4,3
9765,7,7
9766,4,7
9767,9,3
9768,2,3
9769,9,3
9770,5,3
9771,7,3
9772,1,7
9773,7,3
9774,1,1
9775,6,3
9776,6,3
9777,5,2
9778,6,5
9779,2,3
9780,8,5
9781,7,3
9782,6,3
9783,4,8
9784,9,9
9785,9,3
9786,5,3
9787,3,3
9788,7,3
9789,4,3
9790,3,3
9791,0,3
9792,4,8
9793,6,6
9794,6,5
9795,1,1
9796,1,1
9797,3,3
9798,2,3
9799,1,7
9800,0,3
9801,0,3
9802,1,7
9803,2,3
9804,3,3
9805,4,4
9806,7,7
9807,8,3
9808,9,7
9809,0,3
9810,1,7
9811,2,3
9812,3,3
9813,4,4
9814,5,5
9815,6,3
9816,7,7
9817,8,1
9818,0,2
9819,1,1
9820,2,3
9821,3,3
9822,4,3
9823,7,7
9824,8,3
9825,9,9
9826,0,8
9827,8,3
9828,3,3
9829,9,7
9830,5,5
9831,5,5
9832,2,3
9833,6,3
9834,8,3
9835,4,8
9836,1,7
9837,7,7
9838,1,9
9839,2,7
9840,3,3
9841,5,2
9842,6,3
9843,9,2
9844,1,1
9845,1,7
9846,1,7
9847,2,2
9848,1,1
9849,2,3
9850,0,3
9851,7,7
9852,7,7
9853,5,7
9854,8,3
9855,2,3
9856,9,9
9857,8,3
9858,6,6
9859,7,7
9860,3,3
9861,4,4
9862,6,8
9863,8,2
9864,7,7
9865,0,3
9866,4,2
9867,2,2
9868,7,3
9869,7,7
9870,5,3
9871,4,4
9872,3,3
9873,4,4
9874,2,2
9875,8,2
9876,1,7
9877,5,5
9878,1,7
9879,0,3
9880,2,3
9881,3,3
9882,3,3
9883,5,3
9884,7,7
9885,0,8
9886,6,9
9887,8,5
9888,6,5
9889,3,3
9890,9,5
9891,9,7
9892,8,2
9893,2,3
9894,7,7
9895,7,7
9896,1,7
9897,0,6
9898,1,7
9899,7,3
9900,8,3
9901,9,3
9902,0,6
9903,1,1
9904,2,3
9905,3,3
9906,4,3
9907,5,2
9908,6,6
9909,7,7
9910,8,8
9911,0,3
9912,1,7
9913,2,2
9914,3,3
9915,4,7
9916,7,9
9917,8,8
9918,9,3
9919,7,2
9920,8,3
9921,6,3
9922,4,3
9923,1,7
9924,9,3
9925,3,3
9926,8,3
9927,4,8
9928,4,5
9929,7,7
9930,0,6
9931,1,1
9932,9,3
9933,2,3
9934,8,3
9935,7,3
9936,8,3
9937,2,2
9938,6,5
9939,0,3
9940,6,6
9941,5,2
9942,3,2
9943,3,3
9944,3,5
9945,9,7
9946,1,1
9947,4,2
9948,0,3
9949,6,3
9950,1,1
9951,0,3
9952,0,3
9953,6,3
9954,2,3
9955,1,1
9956,1,1
9957,7,3
9958,7,7
9959,8,3
9960,4,7
9961,6,5
9962,0,3
9963,7,7
9964,0,4
9965,3,3
9966,6,5
9967,8,3
9968,7,7
9969,1,1
9970,5,5
9971,2,2
9972,4,7
9973,9,5
9974,4,2
9975,3,3
9976,6,2
9977,4,8
9978,1,7
9979,7,7
9980,2,3
9981,6,8
9982,5,5
9983,0,3
9984,1,7
9985,2,3
9986,3,3
9987,4,7
9988,5,3
9989,6,3
9990,7,7
9991,8,3
9992,9,3
9993,0,3
9994,1,1
9995,2,3
9996,3,3
9997,4,8
9998,5,3
9999,6,3
